run_id,domain,task_set_name,task_split_name,task_id,shard_id,shard_index,task_index,status,attempts,save_to,result_path,failure_type,updated_at
tau2_telecom_base_glm5_no_thinking_remaining112,telecom,telecom,base,[mobile_data_issue]airplane_mode_on|bad_network_preference[PERSONA:Hard],telecom_0000,0,0,passed,1,tau2_telecom_base_glm5_no_thinking_remaining112_telecom_0000,C:\Users\86132\Desktop\SafeDesk\benchmarks\tau2-bench\data\simulations\tau2_telecom_base_glm5_no_thinking_remaining112_telecom_0000\results.json,,2026-07-16T14:31:09
tau2_telecom_base_glm5_no_thinking_remaining112,telecom,telecom,base,[mobile_data_issue]data_saver_mode_on|user_abroad_roaming_enabled_off[PERSONA:Easy],telecom_0000,0,1,passed,1,tau2_telecom_base_glm5_no_thinking_remaining112_telecom_0000,C:\Users\86132\Desktop\SafeDesk\benchmarks\tau2-bench\data\simulations\tau2_telecom_base_glm5_no_thinking_remaining112_telecom_0000\results.json,,2026-07-16T14:31:09
tau2_telecom_base_glm5_no_thinking_remaining112,telecom,telecom,base,[mobile_data_issue]bad_network_preference|user_abroad_roaming_enabled_off[PERSONA:Hard],telecom_0000,0,2,passed,1,tau2_telecom_base_glm5_no_thinking_remaining112_telecom_0000,C:\Users\86132\Desktop\SafeDesk\benchmarks\tau2-bench\data\simulations\tau2_telecom_base_glm5_no_thinking_remaining112_telecom_0000\results.json,,2026-07-16T14:31:09
tau2_telecom_base_glm5_no_thinking_remaining112,telecom,telecom,base,[mobile_data_issue]data_usage_exceeded|user_abroad_roaming_enabled_off[PERSONA:Easy],telecom_0000,0,3,passed,1,tau2_telecom_base_glm5_no_thinking_remaining112_telecom_0000,C:\Users\86132\Desktop\SafeDesk\benchmarks\tau2-bench\data\simulations\tau2_telecom_base_glm5_no_thinking_remaining112_telecom_0000\results.json,,2026-07-16T14:31:09
tau2_telecom_base_glm5_no_thinking_remaining112,telecom,telecom,base,[mobile_data_issue]data_mode_off|data_usage_exceeded[PERSONA:None],telecom_0000,0,4,passed,1,tau2_telecom_base_glm5_no_thinking_remaining112_telecom_0000,C:\Users\86132\Desktop\SafeDesk\benchmarks\tau2-bench\data\simulations\tau2_telecom_base_glm5_no_thinking_remaining112_telecom_0000\results.json,,2026-07-16T14:31:09
tau2_telecom_base_glm5_no_thinking_remaining112,telecom,telecom,base,[mobile_data_issue]data_saver_mode_on|data_usage_exceeded[PERSONA:Easy],telecom_0000,0,5,passed,1,tau2_telecom_base_glm5_no_thinking_remaining112_telecom_0000,C:\Users\86132\Desktop\SafeDesk\benchmarks\tau2-bench\data\simulations\tau2_telecom_base_glm5_no_thinking_remaining112_telecom_0000\results.json,,2026-07-16T14:31:09
tau2_telecom_base_glm5_no_thinking_remaining112,telecom,telecom,base,[mobile_data_issue]airplane_mode_on|bad_network_preference|user_abroad_roaming_enabled_off[PERSONA:Easy],telecom_0000,0,6,passed,1,tau2_telecom_base_glm5_no_thinking_remaining112_telecom_0000,C:\Users\86132\Desktop\SafeDesk\benchmarks\tau2-bench\data\simulations\tau2_telecom_base_glm5_no_thinking_remaining112_telecom_0000\results.json,,2026-07-16T14:31:09
tau2_telecom_base_glm5_no_thinking_remaining112,telecom,telecom,base,[mobile_data_issue]airplane_mode_on|data_saver_mode_on|user_abroad_roaming_disabled_on[PERSONA:None],telecom_0000,0,7,passed,1,tau2_telecom_base_glm5_no_thinking_remaining112_telecom_0000,C:\Users\86132\Desktop\SafeDesk\benchmarks\tau2-bench\data\simulations\tau2_telecom_base_glm5_no_thinking_remaining112_telecom_0000\results.json,,2026-07-16T14:31:09
tau2_telecom_base_glm5_no_thinking_remaining112,telecom,telecom,base,[mobile_data_issue]bad_network_preference|bad_vpn|user_abroad_roaming_enabled_off[PERSONA:Easy],telecom_0000,0,8,passed,1,tau2_telecom_base_glm5_no_thinking_remaining112_telecom_0000,C:\Users\86132\Desktop\SafeDesk\benchmarks\tau2-bench\data\simulations\tau2_telecom_base_glm5_no_thinking_remaining112_telecom_0000\results.json,,2026-07-16T14:31:09
tau2_telecom_base_glm5_no_thinking_remaining112,telecom,telecom,base,[mobile_data_issue]bad_vpn|data_saver_mode_on|user_abroad_roaming_disabled_on[PERSONA:None],telecom_0000,0,9,passed,1,tau2_telecom_base_glm5_no_thinking_remaining112_telecom_0000,C:\Users\86132\Desktop\SafeDesk\benchmarks\tau2-bench\data\simulations\tau2_telecom_base_glm5_no_thinking_remaining112_telecom_0000\results.json,,2026-07-16T14:31:09
tau2_telecom_base_glm5_no_thinking_remaining112,telecom,telecom,base,[mobile_data_issue]bad_network_preference|bad_vpn|user_abroad_roaming_disabled_on[PERSONA:None],telecom_0001,1,0,passed,1,tau2_telecom_base_glm5_no_thinking_remaining112_telecom_0001,C:\Users\86132\Desktop\SafeDesk\benchmarks\tau2-bench\data\simulations\tau2_telecom_base_glm5_no_thinking_remaining112_telecom_0001\results.json,,2026-07-16T14:31:09
tau2_telecom_base_glm5_no_thinking_remaining112,telecom,telecom,base,[mobile_data_issue]data_mode_off|data_usage_exceeded|user_abroad_roaming_disabled_off[PERSONA:Hard],telecom_0001,1,1,passed,1,tau2_telecom_base_glm5_no_thinking_remaining112_telecom_0001,C:\Users\86132\Desktop\SafeDesk\benchmarks\tau2-bench\data\simulations\tau2_telecom_base_glm5_no_thinking_remaining112_telecom_0001\results.json,,2026-07-16T14:31:09
tau2_telecom_base_glm5_no_thinking_remaining112,telecom,telecom,base,[mobile_data_issue]bad_network_preference|bad_vpn|user_abroad_roaming_disabled_off[PERSONA:Hard],telecom_0001,1,2,passed,1,tau2_telecom_base_glm5_no_thinking_remaining112_telecom_0001,C:\Users\86132\Desktop\SafeDesk\benchmarks\tau2-bench\data\simulations\tau2_telecom_base_glm5_no_thinking_remaining112_telecom_0001\results.json,,2026-07-16T14:31:09
tau2_telecom_base_glm5_no_thinking_remaining112,telecom,telecom,base,[mobile_data_issue]bad_network_preference|data_saver_mode_on|data_usage_exceeded[PERSONA:Hard],telecom_0001,1,3,passed,1,tau2_telecom_base_glm5_no_thinking_remaining112_telecom_0001,C:\Users\86132\Desktop\SafeDesk\benchmarks\tau2-bench\data\simulations\tau2_telecom_base_glm5_no_thinking_remaining112_telecom_0001\results.json,,2026-07-16T14:31:09
tau2_telecom_base_glm5_no_thinking_remaining112,telecom,telecom,base,[mobile_data_issue]airplane_mode_on|bad_network_preference|data_mode_off|user_abroad_roaming_disabled_on[PERSONA:Hard],telecom_0001,1,4,passed,1,tau2_telecom_base_glm5_no_thinking_remaining112_telecom_0001,C:\Users\86132\Desktop\SafeDesk\benchmarks\tau2-bench\data\simulations\tau2_telecom_base_glm5_no_thinking_remaining112_telecom_0001\results.json,,2026-07-16T14:31:09
tau2_telecom_base_glm5_no_thinking_remaining112,telecom,telecom,base,[mobile_data_issue]airplane_mode_on|bad_network_preference|data_usage_exceeded|user_abroad_roaming_disabled_off[PERSONA:Easy],telecom_0001,1,5,passed,1,tau2_telecom_base_glm5_no_thinking_remaining112_telecom_0001,C:\Users\86132\Desktop\SafeDesk\benchmarks\tau2-bench\data\simulations\tau2_telecom_base_glm5_no_thinking_remaining112_telecom_0001\results.json,,2026-07-16T14:31:09
tau2_telecom_base_glm5_no_thinking_remaining112,telecom,telecom,base,[mobile_data_issue]airplane_mode_on|bad_network_preference|data_mode_off|data_saver_mode_on[PERSONA:Hard],telecom_0001,1,6,passed,1,tau2_telecom_base_glm5_no_thinking_remaining112_telecom_0001,C:\Users\86132\Desktop\SafeDesk\benchmarks\tau2-bench\data\simulations\tau2_telecom_base_glm5_no_thinking_remaining112_telecom_0001\results.json,,2026-07-16T14:31:09
tau2_telecom_base_glm5_no_thinking_remaining112,telecom,telecom,base,[mobile_data_issue]bad_vpn|data_mode_off|data_usage_exceeded|user_abroad_roaming_disabled_off[PERSONA:None],telecom_0001,1,7,passed,1,tau2_telecom_base_glm5_no_thinking_remaining112_telecom_0001,C:\Users\86132\Desktop\SafeDesk\benchmarks\tau2-bench\data\simulations\tau2_telecom_base_glm5_no_thinking_remaining112_telecom_0001\results.json,,2026-07-16T14:31:09
tau2_telecom_base_glm5_no_thinking_remaining112,telecom,telecom,base,[mobile_data_issue]bad_network_preference|bad_vpn|data_usage_exceeded|user_abroad_roaming_disabled_off[PERSONA:Easy],telecom_0001,1,8,passed,1,tau2_telecom_base_glm5_no_thinking_remaining112_telecom_0001,C:\Users\86132\Desktop\SafeDesk\benchmarks\tau2-bench\data\simulations\tau2_telecom_base_glm5_no_thinking_remaining112_telecom_0001\results.json,,2026-07-16T14:31:09
tau2_telecom_base_glm5_no_thinking_remaining112,telecom,telecom,base,[mobile_data_issue]bad_network_preference|bad_vpn|data_mode_off|data_saver_mode_on[PERSONA:None],telecom_0001,1,9,passed,1,tau2_telecom_base_glm5_no_thinking_remaining112_telecom_0001,C:\Users\86132\Desktop\SafeDesk\benchmarks\tau2-bench\data\simulations\tau2_telecom_base_glm5_no_thinking_remaining112_telecom_0001\results.json,,2026-07-16T14:31:09
tau2_telecom_base_glm5_no_thinking_remaining112,telecom,telecom,base,[mobile_data_issue]airplane_mode_on|data_mode_off|data_saver_mode_on|data_usage_exceeded|user_abroad_roaming_enabled_off[PERSONA:Hard],telecom_0002,2,0,passed,1,tau2_telecom_base_glm5_no_thinking_remaining112_telecom_0002,C:\Users\86132\Desktop\SafeDesk\benchmarks\tau2-bench\data\simulations\tau2_telecom_base_glm5_no_thinking_remaining112_telecom_0002\results.json,,2026-07-16T14:31:10
tau2_telecom_base_glm5_no_thinking_remaining112,telecom,telecom,base,[mobile_data_issue]airplane_mode_on|bad_network_preference|data_mode_off|data_usage_exceeded|user_abroad_roaming_disabled_on[PERSONA:None],telecom_0002,2,1,passed,1,tau2_telecom_base_glm5_no_thinking_remaining112_telecom_0002,C:\Users\86132\Desktop\SafeDesk\benchmarks\tau2-bench\data\simulations\tau2_telecom_base_glm5_no_thinking_remaining112_telecom_0002\results.json,,2026-07-16T14:31:10
tau2_telecom_base_glm5_no_thinking_remaining112,telecom,telecom,base,[mobile_data_issue]airplane_mode_on|bad_network_preference|bad_vpn|data_saver_mode_on|user_abroad_roaming_disabled_on[PERSONA:Easy],telecom_0002,2,2,passed,1,tau2_telecom_base_glm5_no_thinking_remaining112_telecom_0002,C:\Users\86132\Desktop\SafeDesk\benchmarks\tau2-bench\data\simulations\tau2_telecom_base_glm5_no_thinking_remaining112_telecom_0002\results.json,,2026-07-16T14:31:10
tau2_telecom_base_glm5_no_thinking_remaining112,telecom,telecom,base,[mobile_data_issue]airplane_mode_on|bad_network_preference|data_saver_mode_on|data_usage_exceeded|user_abroad_roaming_disabled_off[PERSONA:None],telecom_0002,2,3,passed,1,tau2_telecom_base_glm5_no_thinking_remaining112_telecom_0002,C:\Users\86132\Desktop\SafeDesk\benchmarks\tau2-bench\data\simulations\tau2_telecom_base_glm5_no_thinking_remaining112_telecom_0002\results.json,,2026-07-16T14:31:10
tau2_telecom_base_glm5_no_thinking_remaining112,telecom,telecom,base,[mobile_data_issue]bad_network_preference|data_mode_off|data_saver_mode_on|data_usage_exceeded|user_abroad_roaming_disabled_off[PERSONA:Easy],telecom_0002,2,4,passed,1,tau2_telecom_base_glm5_no_thinking_remaining112_telecom_0002,C:\Users\86132\Desktop\SafeDesk\benchmarks\tau2-bench\data\simulations\tau2_telecom_base_glm5_no_thinking_remaining112_telecom_0002\results.json,,2026-07-16T14:31:10
tau2_telecom_base_glm5_no_thinking_remaining112,telecom,telecom,base,[mobile_data_issue]bad_network_preference|bad_vpn|data_saver_mode_on|data_usage_exceeded|user_abroad_roaming_disabled_off[PERSONA:Easy],telecom_0002,2,5,passed,1,tau2_telecom_base_glm5_no_thinking_remaining112_telecom_0002,C:\Users\86132\Desktop\SafeDesk\benchmarks\tau2-bench\data\simulations\tau2_telecom_base_glm5_no_thinking_remaining112_telecom_0002\results.json,,2026-07-16T14:31:10
tau2_telecom_base_glm5_no_thinking_remaining112,telecom,telecom,base,[mobile_data_issue]airplane_mode_on|bad_network_preference|bad_vpn|data_mode_off|data_usage_exceeded|user_abroad_roaming_enabled_off[PERSONA:Easy],telecom_0002,2,6,passed,1,tau2_telecom_base_glm5_no_thinking_remaining112_telecom_0002,C:\Users\86132\Desktop\SafeDesk\benchmarks\tau2-bench\data\simulations\tau2_telecom_base_glm5_no_thinking_remaining112_telecom_0002\results.json,,2026-07-16T14:31:10
tau2_telecom_base_glm5_no_thinking_remaining112,telecom,telecom,base,[mobile_data_issue]airplane_mode_on|bad_network_preference|bad_vpn|data_saver_mode_on|data_usage_exceeded|user_abroad_roaming_enabled_off[PERSONA:None],telecom_0002,2,7,passed,1,tau2_telecom_base_glm5_no_thinking_remaining112_telecom_0002,C:\Users\86132\Desktop\SafeDesk\benchmarks\tau2-bench\data\simulations\tau2_telecom_base_glm5_no_thinking_remaining112_telecom_0002\results.json,,2026-07-16T14:31:10
tau2_telecom_base_glm5_no_thinking_remaining112,telecom,telecom,base,[mobile_data_issue]airplane_mode_on|bad_network_preference|data_mode_off|data_saver_mode_on|data_usage_exceeded|user_abroad_roaming_disabled_on[PERSONA:None],telecom_0002,2,8,passed,1,tau2_telecom_base_glm5_no_thinking_remaining112_telecom_0002,C:\Users\86132\Desktop\SafeDesk\benchmarks\tau2-bench\data\simulations\tau2_telecom_base_glm5_no_thinking_remaining112_telecom_0002\results.json,,2026-07-16T14:31:10
tau2_telecom_base_glm5_no_thinking_remaining112,telecom,telecom,base,[mobile_data_issue]airplane_mode_on|bad_network_preference|bad_vpn|data_mode_off|data_saver_mode_on|user_abroad_roaming_disabled_off[PERSONA:Hard],telecom_0002,2,9,passed,1,tau2_telecom_base_glm5_no_thinking_remaining112_telecom_0002,C:\Users\86132\Desktop\SafeDesk\benchmarks\tau2-bench\data\simulations\tau2_telecom_base_glm5_no_thinking_remaining112_telecom_0002\results.json,,2026-07-16T14:31:10
tau2_telecom_base_glm5_no_thinking_remaining112,telecom,telecom,base,[mobile_data_issue]bad_network_preference|bad_vpn|data_mode_off|data_saver_mode_on|data_usage_exceeded|user_abroad_roaming_enabled_off[PERSONA:Easy],telecom_0003,3,0,passed,1,tau2_telecom_base_glm5_no_thinking_remaining112_telecom_0003,C:\Users\86132\Desktop\SafeDesk\benchmarks\tau2-bench\data\simulations\tau2_telecom_base_glm5_no_thinking_remaining112_telecom_0003\results.json,,2026-07-16T14:31:10
tau2_telecom_base_glm5_no_thinking_remaining112,telecom,telecom,base,[mobile_data_issue]airplane_mode_on|bad_network_preference|bad_vpn|data_mode_off|data_saver_mode_on|data_usage_exceeded|user_abroad_roaming_enabled_off[PERSONA:Easy],telecom_0003,3,1,passed,1,tau2_telecom_base_glm5_no_thinking_remaining112_telecom_0003,C:\Users\86132\Desktop\SafeDesk\benchmarks\tau2-bench\data\simulations\tau2_telecom_base_glm5_no_thinking_remaining112_telecom_0003\results.json,,2026-07-16T14:31:10
tau2_telecom_base_glm5_no_thinking_remaining112,telecom,telecom,base,[mobile_data_issue]airplane_mode_on|bad_network_preference|bad_vpn|data_mode_off|data_saver_mode_on|data_usage_exceeded|user_abroad_roaming_disabled_on[PERSONA:None],telecom_0003,3,2,passed,1,tau2_telecom_base_glm5_no_thinking_remaining112_telecom_0003,C:\Users\86132\Desktop\SafeDesk\benchmarks\tau2-bench\data\simulations\tau2_telecom_base_glm5_no_thinking_remaining112_telecom_0003\results.json,,2026-07-16T14:31:10
tau2_telecom_base_glm5_no_thinking_remaining112,telecom,telecom,base,[mobile_data_issue]airplane_mode_on|bad_network_preference|bad_vpn|data_mode_off|data_saver_mode_on|data_usage_exceeded|user_abroad_roaming_disabled_off[PERSONA:Hard],telecom_0003,3,3,passed,1,tau2_telecom_base_glm5_no_thinking_remaining112_telecom_0003,C:\Users\86132\Desktop\SafeDesk\benchmarks\tau2-bench\data\simulations\tau2_telecom_base_glm5_no_thinking_remaining112_telecom_0003\results.json,,2026-07-16T14:31:10
tau2_telecom_base_glm5_no_thinking_remaining112,telecom,telecom,base,[service_issue]airplane_mode_on|unseat_sim_card[PERSONA:None],telecom_0003,3,4,passed,1,tau2_telecom_base_glm5_no_thinking_remaining112_telecom_0003,C:\Users\86132\Desktop\SafeDesk\benchmarks\tau2-bench\data\simulations\tau2_telecom_base_glm5_no_thinking_remaining112_telecom_0003\results.json,,2026-07-16T14:31:10
tau2_telecom_base_glm5_no_thinking_remaining112,telecom,telecom,base,[service_issue]airplane_mode_on|lock_sim_card_pin[PERSONA:Easy],telecom_0003,3,5,passed,1,tau2_telecom_base_glm5_no_thinking_remaining112_telecom_0003,C:\Users\86132\Desktop\SafeDesk\benchmarks\tau2-bench\data\simulations\tau2_telecom_base_glm5_no_thinking_remaining112_telecom_0003\results.json,,2026-07-16T14:31:10
tau2_telecom_base_glm5_no_thinking_remaining112,telecom,telecom,base,[service_issue]airplane_mode_on|break_apn_settings[PERSONA:Hard],telecom_0003,3,6,passed,1,tau2_telecom_base_glm5_no_thinking_remaining112_telecom_0003,C:\Users\86132\Desktop\SafeDesk\benchmarks\tau2-bench\data\simulations\tau2_telecom_base_glm5_no_thinking_remaining112_telecom_0003\results.json,,2026-07-16T14:31:10
tau2_telecom_base_glm5_no_thinking_remaining112,telecom,telecom,base,[service_issue]airplane_mode_on|overdue_bill_suspension[PERSONA:None],telecom_0003,3,7,passed,1,tau2_telecom_base_glm5_no_thinking_remaining112_telecom_0003,C:\Users\86132\Desktop\SafeDesk\benchmarks\tau2-bench\data\simulations\tau2_telecom_base_glm5_no_thinking_remaining112_telecom_0003\results.json,,2026-07-16T14:31:10
tau2_telecom_base_glm5_no_thinking_remaining112,telecom,telecom,base,[service_issue]overdue_bill_suspension|unseat_sim_card[PERSONA:Easy],telecom_0003,3,8,passed,1,tau2_telecom_base_glm5_no_thinking_remaining112_telecom_0003,C:\Users\86132\Desktop\SafeDesk\benchmarks\tau2-bench\data\simulations\tau2_telecom_base_glm5_no_thinking_remaining112_telecom_0003\results.json,,2026-07-16T14:31:10
tau2_telecom_base_glm5_no_thinking_remaining112,telecom,telecom,base,[service_issue]contract_end_suspension|unseat_sim_card[PERSONA:Hard],telecom_0003,3,9,failed_model,1,tau2_telecom_base_glm5_no_thinking_remaining112_telecom_0003,C:\Users\86132\Desktop\SafeDesk\benchmarks\tau2-bench\data\simulations\tau2_telecom_base_glm5_no_thinking_remaining112_telecom_0003\results.json,model_failure,2026-07-16T14:31:10
tau2_telecom_base_glm5_no_thinking_remaining112,telecom,telecom,base,[service_issue]break_apn_settings|lock_sim_card_pin[PERSONA:None],telecom_0004,4,0,passed,1,tau2_telecom_base_glm5_no_thinking_remaining112_telecom_0004,C:\Users\86132\Desktop\SafeDesk\benchmarks\tau2-bench\data\simulations\tau2_telecom_base_glm5_no_thinking_remaining112_telecom_0004\results.json,,2026-07-16T14:31:10
tau2_telecom_base_glm5_no_thinking_remaining112,telecom,telecom,base,[service_issue]lock_sim_card_pin|overdue_bill_suspension[PERSONA:Easy],telecom_0004,4,1,passed,1,tau2_telecom_base_glm5_no_thinking_remaining112_telecom_0004,C:\Users\86132\Desktop\SafeDesk\benchmarks\tau2-bench\data\simulations\tau2_telecom_base_glm5_no_thinking_remaining112_telecom_0004\results.json,,2026-07-16T14:31:10
tau2_telecom_base_glm5_no_thinking_remaining112,telecom,telecom,base,[service_issue]contract_end_suspension|lock_sim_card_pin[PERSONA:Hard],telecom_0004,4,2,passed,1,tau2_telecom_base_glm5_no_thinking_remaining112_telecom_0004,C:\Users\86132\Desktop\SafeDesk\benchmarks\tau2-bench\data\simulations\tau2_telecom_base_glm5_no_thinking_remaining112_telecom_0004\results.json,,2026-07-16T14:31:10
tau2_telecom_base_glm5_no_thinking_remaining112,telecom,telecom,base,[service_issue]airplane_mode_on|lock_sim_card_pin|unseat_sim_card[PERSONA:Hard],telecom_0004,4,3,passed,1,tau2_telecom_base_glm5_no_thinking_remaining112_telecom_0004,C:\Users\86132\Desktop\SafeDesk\benchmarks\tau2-bench\data\simulations\tau2_telecom_base_glm5_no_thinking_remaining112_telecom_0004\results.json,,2026-07-16T14:31:10
tau2_telecom_base_glm5_no_thinking_remaining112,telecom,telecom,base,[service_issue]airplane_mode_on|break_apn_settings|unseat_sim_card[PERSONA:None],telecom_0004,4,4,passed,1,tau2_telecom_base_glm5_no_thinking_remaining112_telecom_0004,C:\Users\86132\Desktop\SafeDesk\benchmarks\tau2-bench\data\simulations\tau2_telecom_base_glm5_no_thinking_remaining112_telecom_0004\results.json,,2026-07-16T14:31:10
tau2_telecom_base_glm5_no_thinking_remaining112,telecom,telecom,base,[service_issue]airplane_mode_on|overdue_bill_suspension|unseat_sim_card[PERSONA:Easy],telecom_0004,4,5,passed,1,tau2_telecom_base_glm5_no_thinking_remaining112_telecom_0004,C:\Users\86132\Desktop\SafeDesk\benchmarks\tau2-bench\data\simulations\tau2_telecom_base_glm5_no_thinking_remaining112_telecom_0004\results.json,,2026-07-16T14:31:10
tau2_telecom_base_glm5_no_thinking_remaining112,telecom,telecom,base,[service_issue]airplane_mode_on|break_apn_settings|lock_sim_card_pin[PERSONA:None],telecom_0004,4,6,passed,1,tau2_telecom_base_glm5_no_thinking_remaining112_telecom_0004,C:\Users\86132\Desktop\SafeDesk\benchmarks\tau2-bench\data\simulations\tau2_telecom_base_glm5_no_thinking_remaining112_telecom_0004\results.json,,2026-07-16T14:31:10
tau2_telecom_base_glm5_no_thinking_remaining112,telecom,telecom,base,[service_issue]airplane_mode_on|lock_sim_card_pin|overdue_bill_suspension[PERSONA:Easy],telecom_0004,4,7,passed,1,tau2_telecom_base_glm5_no_thinking_remaining112_telecom_0004,C:\Users\86132\Desktop\SafeDesk\benchmarks\tau2-bench\data\simulations\tau2_telecom_base_glm5_no_thinking_remaining112_telecom_0004\results.json,,2026-07-16T14:31:10
tau2_telecom_base_glm5_no_thinking_remaining112,telecom,telecom,base,[service_issue]airplane_mode_on|break_apn_settings|overdue_bill_suspension[PERSONA:None],telecom_0004,4,8,passed,1,tau2_telecom_base_glm5_no_thinking_remaining112_telecom_0004,C:\Users\86132\Desktop\SafeDesk\benchmarks\tau2-bench\data\simulations\tau2_telecom_base_glm5_no_thinking_remaining112_telecom_0004\results.json,,2026-07-16T14:31:10
tau2_telecom_base_glm5_no_thinking_remaining112,telecom,telecom,base,[service_issue]break_apn_settings|overdue_bill_suspension|unseat_sim_card[PERSONA:Hard],telecom_0004,4,9,passed,1,tau2_telecom_base_glm5_no_thinking_remaining112_telecom_0004,C:\Users\86132\Desktop\SafeDesk\benchmarks\tau2-bench\data\simulations\tau2_telecom_base_glm5_no_thinking_remaining112_telecom_0004\results.json,,2026-07-16T14:31:10
tau2_telecom_base_glm5_no_thinking_remaining112,telecom,telecom,base,[service_issue]break_apn_settings|lock_sim_card_pin|overdue_bill_suspension[PERSONA:Easy],telecom_0005,5,0,passed,1,tau2_telecom_base_glm5_no_thinking_remaining112_telecom_0005,C:\Users\86132\Desktop\SafeDesk\benchmarks\tau2-bench\data\simulations\tau2_telecom_base_glm5_no_thinking_remaining112_telecom_0005\results.json,,2026-07-16T14:31:10
tau2_telecom_base_glm5_no_thinking_remaining112,telecom,telecom,base,[service_issue]break_apn_settings|contract_end_suspension|lock_sim_card_pin[PERSONA:Hard],telecom_0005,5,1,passed,1,tau2_telecom_base_glm5_no_thinking_remaining112_telecom_0005,C:\Users\86132\Desktop\SafeDesk\benchmarks\tau2-bench\data\simulations\tau2_telecom_base_glm5_no_thinking_remaining112_telecom_0005\results.json,,2026-07-16T14:31:10
tau2_telecom_base_glm5_no_thinking_remaining112,telecom,telecom,base,[service_issue]airplane_mode_on|break_apn_settings|lock_sim_card_pin|unseat_sim_card[PERSONA:None],telecom_0005,5,2,passed,1,tau2_telecom_base_glm5_no_thinking_remaining112_telecom_0005,C:\Users\86132\Desktop\SafeDesk\benchmarks\tau2-bench\data\simulations\tau2_telecom_base_glm5_no_thinking_remaining112_telecom_0005\results.json,,2026-07-16T14:31:10
tau2_telecom_base_glm5_no_thinking_remaining112,telecom,telecom,base,[service_issue]airplane_mode_on|lock_sim_card_pin|overdue_bill_suspension|unseat_sim_card[PERSONA:Easy],telecom_0005,5,3,passed,1,tau2_telecom_base_glm5_no_thinking_remaining112_telecom_0005,C:\Users\86132\Desktop\SafeDesk\benchmarks\tau2-bench\data\simulations\tau2_telecom_base_glm5_no_thinking_remaining112_telecom_0005\results.json,,2026-07-16T14:31:10
tau2_telecom_base_glm5_no_thinking_remaining112,telecom,telecom,base,[service_issue]airplane_mode_on|contract_end_suspension|lock_sim_card_pin|unseat_sim_card[PERSONA:Hard],telecom_0005,5,4,passed,1,tau2_telecom_base_glm5_no_thinking_remaining112_telecom_0005,C:\Users\86132\Desktop\SafeDesk\benchmarks\tau2-bench\data\simulations\tau2_telecom_base_glm5_no_thinking_remaining112_telecom_0005\results.json,,2026-07-16T14:31:10
tau2_telecom_base_glm5_no_thinking_remaining112,telecom,telecom,base,[service_issue]airplane_mode_on|break_apn_settings|overdue_bill_suspension|unseat_sim_card[PERSONA:None],telecom_0005,5,5,passed,1,tau2_telecom_base_glm5_no_thinking_remaining112_telecom_0005,C:\Users\86132\Desktop\SafeDesk\benchmarks\tau2-bench\data\simulations\tau2_telecom_base_glm5_no_thinking_remaining112_telecom_0005\results.json,,2026-07-16T14:31:10
tau2_telecom_base_glm5_no_thinking_remaining112,telecom,telecom,base,[service_issue]airplane_mode_on|break_apn_settings|contract_end_suspension|unseat_sim_card[PERSONA:Easy],telecom_0005,5,6,passed,1,tau2_telecom_base_glm5_no_thinking_remaining112_telecom_0005,C:\Users\86132\Desktop\SafeDesk\benchmarks\tau2-bench\data\simulations\tau2_telecom_base_glm5_no_thinking_remaining112_telecom_0005\results.json,,2026-07-16T14:31:10
tau2_telecom_base_glm5_no_thinking_remaining112,telecom,telecom,base,[service_issue]airplane_mode_on|break_apn_settings|lock_sim_card_pin|overdue_bill_suspension[PERSONA:Hard],telecom_0005,5,7,passed,1,tau2_telecom_base_glm5_no_thinking_remaining112_telecom_0005,C:\Users\86132\Desktop\SafeDesk\benchmarks\tau2-bench\data\simulations\tau2_telecom_base_glm5_no_thinking_remaining112_telecom_0005\results.json,,2026-07-16T14:31:10
tau2_telecom_base_glm5_no_thinking_remaining112,telecom,telecom,base,[service_issue]airplane_mode_on|break_apn_settings|contract_end_suspension|lock_sim_card_pin[PERSONA:None],telecom_0005,5,8,passed,1,tau2_telecom_base_glm5_no_thinking_remaining112_telecom_0005,C:\Users\86132\Desktop\SafeDesk\benchmarks\tau2-bench\data\simulations\tau2_telecom_base_glm5_no_thinking_remaining112_telecom_0005\results.json,,2026-07-16T14:31:10
tau2_telecom_base_glm5_no_thinking_remaining112,telecom,telecom,base,[service_issue]break_apn_settings|lock_sim_card_pin|overdue_bill_suspension|unseat_sim_card[PERSONA:Easy],telecom_0005,5,9,passed,1,tau2_telecom_base_glm5_no_thinking_remaining112_telecom_0005,C:\Users\86132\Desktop\SafeDesk\benchmarks\tau2-bench\data\simulations\tau2_telecom_base_glm5_no_thinking_remaining112_telecom_0005\results.json,,2026-07-16T14:31:10
tau2_telecom_base_glm5_no_thinking_remaining112,telecom,telecom,base,[service_issue]break_apn_settings|contract_end_suspension|lock_sim_card_pin|unseat_sim_card[PERSONA:Hard],telecom_0006,6,0,passed,1,tau2_telecom_base_glm5_no_thinking_remaining112_telecom_0006,C:\Users\86132\Desktop\SafeDesk\benchmarks\tau2-bench\data\simulations\tau2_telecom_base_glm5_no_thinking_remaining112_telecom_0006\results.json,,2026-07-16T14:31:10
tau2_telecom_base_glm5_no_thinking_remaining112,telecom,telecom,base,[service_issue]airplane_mode_on|break_apn_settings|lock_sim_card_pin|overdue_bill_suspension|unseat_sim_card[PERSONA:None],telecom_0006,6,1,passed,1,tau2_telecom_base_glm5_no_thinking_remaining112_telecom_0006,C:\Users\86132\Desktop\SafeDesk\benchmarks\tau2-bench\data\simulations\tau2_telecom_base_glm5_no_thinking_remaining112_telecom_0006\results.json,,2026-07-16T14:31:10
tau2_telecom_base_glm5_no_thinking_remaining112,telecom,telecom,base,[service_issue]airplane_mode_on|break_apn_settings|contract_end_suspension|lock_sim_card_pin|unseat_sim_card[PERSONA:Easy],telecom_0006,6,2,passed,1,tau2_telecom_base_glm5_no_thinking_remaining112_telecom_0006,C:\Users\86132\Desktop\SafeDesk\benchmarks\tau2-bench\data\simulations\tau2_telecom_base_glm5_no_thinking_remaining112_telecom_0006\results.json,,2026-07-16T14:31:10
tau2_telecom_base_glm5_no_thinking_remaining112,telecom,telecom,base,[mms_issue]airplane_mode_on|break_app_both_permissions[PERSONA:Hard],telecom_0006,6,3,passed,1,tau2_telecom_base_glm5_no_thinking_remaining112_telecom_0006,C:\Users\86132\Desktop\SafeDesk\benchmarks\tau2-bench\data\simulations\tau2_telecom_base_glm5_no_thinking_remaining112_telecom_0006\results.json,,2026-07-16T14:31:10
tau2_telecom_base_glm5_no_thinking_remaining112,telecom,telecom,base,[mms_issue]break_app_sms_permission|data_mode_off[PERSONA:None],telecom_0006,6,4,passed,1,tau2_telecom_base_glm5_no_thinking_remaining112_telecom_0006,C:\Users\86132\Desktop\SafeDesk\benchmarks\tau2-bench\data\simulations\tau2_telecom_base_glm5_no_thinking_remaining112_telecom_0006\results.json,,2026-07-16T14:31:10
tau2_telecom_base_glm5_no_thinking_remaining112,telecom,telecom,base,[mms_issue]break_app_storage_permission|data_usage_exceeded[PERSONA:Easy],telecom_0006,6,5,passed,1,tau2_telecom_base_glm5_no_thinking_remaining112_telecom_0006,C:\Users\86132\Desktop\SafeDesk\benchmarks\tau2-bench\data\simulations\tau2_telecom_base_glm5_no_thinking_remaining112_telecom_0006\results.json,,2026-07-16T14:31:10
tau2_telecom_base_glm5_no_thinking_remaining112,telecom,telecom,base,[mms_issue]break_app_both_permissions|data_usage_exceeded[PERSONA:Hard],telecom_0006,6,6,passed,1,tau2_telecom_base_glm5_no_thinking_remaining112_telecom_0006,C:\Users\86132\Desktop\SafeDesk\benchmarks\tau2-bench\data\simulations\tau2_telecom_base_glm5_no_thinking_remaining112_telecom_0006\results.json,,2026-07-16T14:31:10
tau2_telecom_base_glm5_no_thinking_remaining112,telecom,telecom,base,[mms_issue]break_apn_mms_setting|user_abroad_roaming_enabled_off[PERSONA:Hard],telecom_0006,6,7,passed,1,tau2_telecom_base_glm5_no_thinking_remaining112_telecom_0006,C:\Users\86132\Desktop\SafeDesk\benchmarks\tau2-bench\data\simulations\tau2_telecom_base_glm5_no_thinking_remaining112_telecom_0006\results.json,,2026-07-16T14:31:10
tau2_telecom_base_glm5_no_thinking_remaining112,telecom,telecom,base,[mms_issue]bad_network_preference|user_abroad_roaming_disabled_on[PERSONA:None],telecom_0006,6,8,passed,1,tau2_telecom_base_glm5_no_thinking_remaining112_telecom_0006,C:\Users\86132\Desktop\SafeDesk\benchmarks\tau2-bench\data\simulations\tau2_telecom_base_glm5_no_thinking_remaining112_telecom_0006\results.json,,2026-07-16T14:31:10
tau2_telecom_base_glm5_no_thinking_remaining112,telecom,telecom,base,[mms_issue]bad_network_preference|user_abroad_roaming_disabled_off[PERSONA:None],telecom_0006,6,9,passed,1,tau2_telecom_base_glm5_no_thinking_remaining112_telecom_0006,C:\Users\86132\Desktop\SafeDesk\benchmarks\tau2-bench\data\simulations\tau2_telecom_base_glm5_no_thinking_remaining112_telecom_0006\results.json,,2026-07-16T14:31:10
tau2_telecom_base_glm5_no_thinking_remaining112,telecom,telecom,base,[mms_issue]bad_network_preference|break_app_both_permissions[PERSONA:Easy],telecom_0007,7,0,passed,1,tau2_telecom_base_glm5_no_thinking_remaining112_telecom_0007,C:\Users\86132\Desktop\SafeDesk\benchmarks\tau2-bench\data\simulations\tau2_telecom_base_glm5_no_thinking_remaining112_telecom_0007\results.json,,2026-07-16T14:31:10
tau2_telecom_base_glm5_no_thinking_remaining112,telecom,telecom,base,[mms_issue]airplane_mode_on|bad_network_preference|data_usage_exceeded[PERSONA:None],telecom_0007,7,1,passed,1,tau2_telecom_base_glm5_no_thinking_remaining112_telecom_0007,C:\Users\86132\Desktop\SafeDesk\benchmarks\tau2-bench\data\simulations\tau2_telecom_base_glm5_no_thinking_remaining112_telecom_0007\results.json,,2026-07-16T14:31:10
tau2_telecom_base_glm5_no_thinking_remaining112,telecom,telecom,base,[mms_issue]airplane_mode_on|bad_wifi_calling|user_abroad_roaming_enabled_off[PERSONA:Easy],telecom_0007,7,2,passed,1,tau2_telecom_base_glm5_no_thinking_remaining112_telecom_0007,C:\Users\86132\Desktop\SafeDesk\benchmarks\tau2-bench\data\simulations\tau2_telecom_base_glm5_no_thinking_remaining112_telecom_0007\results.json,,2026-07-16T14:31:10
tau2_telecom_base_glm5_no_thinking_remaining112,telecom,telecom,base,[mms_issue]break_app_storage_permission|unseat_sim_card|user_abroad_roaming_disabled_on[PERSONA:Easy],telecom_0007,7,3,passed,1,tau2_telecom_base_glm5_no_thinking_remaining112_telecom_0007,C:\Users\86132\Desktop\SafeDesk\benchmarks\tau2-bench\data\simulations\tau2_telecom_base_glm5_no_thinking_remaining112_telecom_0007\results.json,,2026-07-16T14:31:10
tau2_telecom_base_glm5_no_thinking_remaining112,telecom,telecom,base,[mms_issue]break_app_both_permissions|unseat_sim_card|user_abroad_roaming_disabled_on[PERSONA:Hard],telecom_0007,7,4,passed,1,tau2_telecom_base_glm5_no_thinking_remaining112_telecom_0007,C:\Users\86132\Desktop\SafeDesk\benchmarks\tau2-bench\data\simulations\tau2_telecom_base_glm5_no_thinking_remaining112_telecom_0007\results.json,,2026-07-16T14:31:10
tau2_telecom_base_glm5_no_thinking_remaining112,telecom,telecom,base,[mms_issue]bad_wifi_calling|data_mode_off|data_usage_exceeded[PERSONA:Easy],telecom_0007,7,5,passed,1,tau2_telecom_base_glm5_no_thinking_remaining112_telecom_0007,C:\Users\86132\Desktop\SafeDesk\benchmarks\tau2-bench\data\simulations\tau2_telecom_base_glm5_no_thinking_remaining112_telecom_0007\results.json,,2026-07-16T14:31:10
tau2_telecom_base_glm5_no_thinking_remaining112,telecom,telecom,base,[mms_issue]bad_network_preference|data_mode_off|user_abroad_roaming_disabled_on[PERSONA:None],telecom_0007,7,6,passed,1,tau2_telecom_base_glm5_no_thinking_remaining112_telecom_0007,C:\Users\86132\Desktop\SafeDesk\benchmarks\tau2-bench\data\simulations\tau2_telecom_base_glm5_no_thinking_remaining112_telecom_0007\results.json,,2026-07-16T14:31:10
tau2_telecom_base_glm5_no_thinking_remaining112,telecom,telecom,base,[mms_issue]break_apn_mms_setting|data_mode_off|user_abroad_roaming_disabled_on[PERSONA:Hard],telecom_0007,7,7,passed,1,tau2_telecom_base_glm5_no_thinking_remaining112_telecom_0007,C:\Users\86132\Desktop\SafeDesk\benchmarks\tau2-bench\data\simulations\tau2_telecom_base_glm5_no_thinking_remaining112_telecom_0007\results.json,,2026-07-16T14:31:10
tau2_telecom_base_glm5_no_thinking_remaining112,telecom,telecom,base,[mms_issue]break_app_sms_permission|data_usage_exceeded|user_abroad_roaming_disabled_on[PERSONA:None],telecom_0007,7,8,passed,1,tau2_telecom_base_glm5_no_thinking_remaining112_telecom_0007,C:\Users\86132\Desktop\SafeDesk\benchmarks\tau2-bench\data\simulations\tau2_telecom_base_glm5_no_thinking_remaining112_telecom_0007\results.json,,2026-07-16T14:31:10
tau2_telecom_base_glm5_no_thinking_remaining112,telecom,telecom,base,[mms_issue]bad_network_preference|break_app_sms_permission|user_abroad_roaming_disabled_on[PERSONA:Hard],telecom_0007,7,9,passed,1,tau2_telecom_base_glm5_no_thinking_remaining112_telecom_0007,C:\Users\86132\Desktop\SafeDesk\benchmarks\tau2-bench\data\simulations\tau2_telecom_base_glm5_no_thinking_remaining112_telecom_0007\results.json,,2026-07-16T14:31:10
tau2_telecom_base_glm5_no_thinking_remaining112,telecom,telecom,base,[mms_issue]airplane_mode_on|break_app_both_permissions|data_usage_exceeded|user_abroad_roaming_disabled_off[PERSONA:None],telecom_0008,8,0,passed,2,tau2_telecom_base_glm5_no_thinking_remaining112_telecom_0008,C:\Users\86132\Desktop\SafeDesk\benchmarks\tau2-bench\data\simulations\tau2_telecom_base_glm5_no_thinking_remaining112_telecom_0008\results.json,,2026-07-16T14:31:10
tau2_telecom_base_glm5_no_thinking_remaining112,telecom,telecom,base,[mms_issue]airplane_mode_on|bad_network_preference|break_apn_mms_setting|data_usage_exceeded[PERSONA:Hard],telecom_0008,8,1,passed,2,tau2_telecom_base_glm5_no_thinking_remaining112_telecom_0008,C:\Users\86132\Desktop\SafeDesk\benchmarks\tau2-bench\data\simulations\tau2_telecom_base_glm5_no_thinking_remaining112_telecom_0008\results.json,,2026-07-16T14:31:10
tau2_telecom_base_glm5_no_thinking_remaining112,telecom,telecom,base,[mms_issue]airplane_mode_on|bad_network_preference|break_apn_mms_setting|break_app_storage_permission[PERSONA:None],telecom_0008,8,2,passed,2,tau2_telecom_base_glm5_no_thinking_remaining112_telecom_0008,C:\Users\86132\Desktop\SafeDesk\benchmarks\tau2-bench\data\simulations\tau2_telecom_base_glm5_no_thinking_remaining112_telecom_0008\results.json,,2026-07-16T14:31:10
tau2_telecom_base_glm5_no_thinking_remaining112,telecom,telecom,base,[mms_issue]bad_wifi_calling|break_apn_mms_setting|unseat_sim_card|user_abroad_roaming_enabled_off[PERSONA:Easy],telecom_0008,8,3,passed,2,tau2_telecom_base_glm5_no_thinking_remaining112_telecom_0008,C:\Users\86132\Desktop\SafeDesk\benchmarks\tau2-bench\data\simulations\tau2_telecom_base_glm5_no_thinking_remaining112_telecom_0008\results.json,,2026-07-16T14:31:10
tau2_telecom_base_glm5_no_thinking_remaining112,telecom,telecom,base,[mms_issue]break_apn_mms_setting|data_mode_off|data_usage_exceeded|user_abroad_roaming_disabled_on[PERSONA:Hard],telecom_0008,8,4,passed,2,tau2_telecom_base_glm5_no_thinking_remaining112_telecom_0008,C:\Users\86132\Desktop\SafeDesk\benchmarks\tau2-bench\data\simulations\tau2_telecom_base_glm5_no_thinking_remaining112_telecom_0008\results.json,,2026-07-16T14:31:10
tau2_telecom_base_glm5_no_thinking_remaining112,telecom,telecom,base,[mms_issue]bad_wifi_calling|break_apn_mms_setting|break_app_sms_permission|data_usage_exceeded[PERSONA:Hard],telecom_0008,8,5,passed,2,tau2_telecom_base_glm5_no_thinking_remaining112_telecom_0008,C:\Users\86132\Desktop\SafeDesk\benchmarks\tau2-bench\data\simulations\tau2_telecom_base_glm5_no_thinking_remaining112_telecom_0008\results.json,,2026-07-16T14:31:10
tau2_telecom_base_glm5_no_thinking_remaining112,telecom,telecom,base,[mms_issue]airplane_mode_on|bad_network_preference|bad_wifi_calling|break_app_storage_permission|unseat_sim_card[PERSONA:Hard],telecom_0008,8,6,passed,2,tau2_telecom_base_glm5_no_thinking_remaining112_telecom_0008,C:\Users\86132\Desktop\SafeDesk\benchmarks\tau2-bench\data\simulations\tau2_telecom_base_glm5_no_thinking_remaining112_telecom_0008\results.json,,2026-07-16T14:31:10
tau2_telecom_base_glm5_no_thinking_remaining112,telecom,telecom,base,[mms_issue]airplane_mode_on|bad_network_preference|break_app_storage_permission|data_mode_off|user_abroad_roaming_enabled_off[PERSONA:Easy],telecom_0008,8,7,passed,2,tau2_telecom_base_glm5_no_thinking_remaining112_telecom_0008,C:\Users\86132\Desktop\SafeDesk\benchmarks\tau2-bench\data\simulations\tau2_telecom_base_glm5_no_thinking_remaining112_telecom_0008\results.json,,2026-07-16T14:31:10
tau2_telecom_base_glm5_no_thinking_remaining112,telecom,telecom,base,[mms_issue]bad_wifi_calling|break_apn_mms_setting|data_mode_off|data_usage_exceeded|unseat_sim_card[PERSONA:None],telecom_0008,8,8,passed,2,tau2_telecom_base_glm5_no_thinking_remaining112_telecom_0008,C:\Users\86132\Desktop\SafeDesk\benchmarks\tau2-bench\data\simulations\tau2_telecom_base_glm5_no_thinking_remaining112_telecom_0008\results.json,,2026-07-16T14:31:10
tau2_telecom_base_glm5_no_thinking_remaining112,telecom,telecom,base,[mms_issue]bad_network_preference|break_app_sms_permission|data_mode_off|data_usage_exceeded|user_abroad_roaming_enabled_off[PERSONA:None],telecom_0008,8,9,passed,2,tau2_telecom_base_glm5_no_thinking_remaining112_telecom_0008,C:\Users\86132\Desktop\SafeDesk\benchmarks\tau2-bench\data\simulations\tau2_telecom_base_glm5_no_thinking_remaining112_telecom_0008\results.json,,2026-07-16T14:31:10
tau2_telecom_base_glm5_no_thinking_remaining112,telecom,telecom,base,[mms_issue]bad_network_preference|bad_wifi_calling|break_app_both_permissions|data_usage_exceeded|user_abroad_roaming_disabled_off[PERSONA:Hard],telecom_0009,9,0,passed,2,tau2_telecom_base_glm5_no_thinking_remaining112_telecom_0009,C:\Users\86132\Desktop\SafeDesk\benchmarks\tau2-bench\data\simulations\tau2_telecom_base_glm5_no_thinking_remaining112_telecom_0009\results.json,,2026-07-16T14:41:31
tau2_telecom_base_glm5_no_thinking_remaining112,telecom,telecom,base,[mms_issue]airplane_mode_on|bad_network_preference|break_apn_mms_setting|data_mode_off|unseat_sim_card|user_abroad_roaming_disabled_off[PERSONA:Easy],telecom_0009,9,1,passed,2,tau2_telecom_base_glm5_no_thinking_remaining112_telecom_0009,C:\Users\86132\Desktop\SafeDesk\benchmarks\tau2-bench\data\simulations\tau2_telecom_base_glm5_no_thinking_remaining112_telecom_0009\results.json,,2026-07-16T14:41:31
tau2_telecom_base_glm5_no_thinking_remaining112,telecom,telecom,base,[mms_issue]airplane_mode_on|bad_network_preference|bad_wifi_calling|data_usage_exceeded|unseat_sim_card|user_abroad_roaming_disabled_on[PERSONA:Easy],telecom_0009,9,2,passed,2,tau2_telecom_base_glm5_no_thinking_remaining112_telecom_0009,C:\Users\86132\Desktop\SafeDesk\benchmarks\tau2-bench\data\simulations\tau2_telecom_base_glm5_no_thinking_remaining112_telecom_0009\results.json,,2026-07-16T14:41:31
tau2_telecom_base_glm5_no_thinking_remaining112,telecom,telecom,base,[mms_issue]airplane_mode_on|bad_network_preference|break_app_both_permissions|data_usage_exceeded|unseat_sim_card|user_abroad_roaming_disabled_on[PERSONA:Hard],telecom_0009,9,3,passed,2,tau2_telecom_base_glm5_no_thinking_remaining112_telecom_0009,C:\Users\86132\Desktop\SafeDesk\benchmarks\tau2-bench\data\simulations\tau2_telecom_base_glm5_no_thinking_remaining112_telecom_0009\results.json,,2026-07-16T14:41:31
tau2_telecom_base_glm5_no_thinking_remaining112,telecom,telecom,base,[mms_issue]bad_network_preference|bad_wifi_calling|break_app_sms_permission|data_mode_off|unseat_sim_card|user_abroad_roaming_enabled_off[PERSONA:Hard],telecom_0009,9,4,passed,2,tau2_telecom_base_glm5_no_thinking_remaining112_telecom_0009,C:\Users\86132\Desktop\SafeDesk\benchmarks\tau2-bench\data\simulations\tau2_telecom_base_glm5_no_thinking_remaining112_telecom_0009\results.json,,2026-07-16T14:41:31
tau2_telecom_base_glm5_no_thinking_remaining112,telecom,telecom,base,[mms_issue]bad_network_preference|bad_wifi_calling|break_app_both_permissions|data_usage_exceeded|unseat_sim_card|user_abroad_roaming_disabled_off[PERSONA:None],telecom_0009,9,5,passed,2,tau2_telecom_base_glm5_no_thinking_remaining112_telecom_0009,C:\Users\86132\Desktop\SafeDesk\benchmarks\tau2-bench\data\simulations\tau2_telecom_base_glm5_no_thinking_remaining112_telecom_0009\results.json,,2026-07-16T14:41:31
tau2_telecom_base_glm5_no_thinking_remaining112,telecom,telecom,base,[mms_issue]bad_wifi_calling|break_apn_mms_setting|break_app_both_permissions|data_mode_off|data_usage_exceeded|user_abroad_roaming_disabled_off[PERSONA:None],telecom_0009,9,6,passed,2,tau2_telecom_base_glm5_no_thinking_remaining112_telecom_0009,C:\Users\86132\Desktop\SafeDesk\benchmarks\tau2-bench\data\simulations\tau2_telecom_base_glm5_no_thinking_remaining112_telecom_0009\results.json,,2026-07-16T14:41:31
tau2_telecom_base_glm5_no_thinking_remaining112,telecom,telecom,base,[mms_issue]airplane_mode_on|bad_wifi_calling|break_app_both_permissions|data_mode_off|data_usage_exceeded|unseat_sim_card|user_abroad_roaming_enabled_off[PERSONA:None],telecom_0009,9,7,passed,2,tau2_telecom_base_glm5_no_thinking_remaining112_telecom_0009,C:\Users\86132\Desktop\SafeDesk\benchmarks\tau2-bench\data\simulations\tau2_telecom_base_glm5_no_thinking_remaining112_telecom_0009\results.json,,2026-07-16T14:41:31
tau2_telecom_base_glm5_no_thinking_remaining112,telecom,telecom,base,[mms_issue]airplane_mode_on|bad_network_preference|bad_wifi_calling|break_apn_mms_setting|break_app_both_permissions|unseat_sim_card|user_abroad_roaming_enabled_off[PERSONA:Hard],telecom_0009,9,8,passed,2,tau2_telecom_base_glm5_no_thinking_remaining112_telecom_0009,C:\Users\86132\Desktop\SafeDesk\benchmarks\tau2-bench\data\simulations\tau2_telecom_base_glm5_no_thinking_remaining112_telecom_0009\results.json,,2026-07-16T14:41:31
tau2_telecom_base_glm5_no_thinking_remaining112,telecom,telecom,base,[mms_issue]airplane_mode_on|bad_network_preference|break_apn_mms_setting|break_app_both_permissions|data_mode_off|data_usage_exceeded|user_abroad_roaming_enabled_off[PERSONA:None],telecom_0009,9,9,passed,2,tau2_telecom_base_glm5_no_thinking_remaining112_telecom_0009,C:\Users\86132\Desktop\SafeDesk\benchmarks\tau2-bench\data\simulations\tau2_telecom_base_glm5_no_thinking_remaining112_telecom_0009\results.json,,2026-07-16T14:41:31
tau2_telecom_base_glm5_no_thinking_remaining112,telecom,telecom,base,[mms_issue]bad_network_preference|bad_wifi_calling|break_app_sms_permission|data_mode_off|data_usage_exceeded|unseat_sim_card|user_abroad_roaming_enabled_off[PERSONA:Easy],telecom_0010,10,0,passed,1,tau2_telecom_base_glm5_no_thinking_remaining112_telecom_0010,C:\Users\86132\Desktop\SafeDesk\benchmarks\tau2-bench\data\simulations\tau2_telecom_base_glm5_no_thinking_remaining112_telecom_0010\results.json,,2026-07-16T15:04:50
tau2_telecom_base_glm5_no_thinking_remaining112,telecom,telecom,base,[mms_issue]bad_network_preference|bad_wifi_calling|break_apn_mms_setting|break_app_storage_permission|data_mode_off|data_usage_exceeded|unseat_sim_card[PERSONA:Easy],telecom_0010,10,1,passed,1,tau2_telecom_base_glm5_no_thinking_remaining112_telecom_0010,C:\Users\86132\Desktop\SafeDesk\benchmarks\tau2-bench\data\simulations\tau2_telecom_base_glm5_no_thinking_remaining112_telecom_0010\results.json,,2026-07-16T15:04:50
tau2_telecom_base_glm5_no_thinking_remaining112,telecom,telecom,base,[mms_issue]airplane_mode_on|bad_network_preference|bad_wifi_calling|break_app_storage_permission|data_mode_off|data_usage_exceeded|unseat_sim_card|user_abroad_roaming_enabled_off[PERSONA:Hard],telecom_0010,10,2,passed,1,tau2_telecom_base_glm5_no_thinking_remaining112_telecom_0010,C:\Users\86132\Desktop\SafeDesk\benchmarks\tau2-bench\data\simulations\tau2_telecom_base_glm5_no_thinking_remaining112_telecom_0010\results.json,,2026-07-16T15:04:50
tau2_telecom_base_glm5_no_thinking_remaining112,telecom,telecom,base,[mms_issue]airplane_mode_on|bad_network_preference|bad_wifi_calling|break_app_sms_permission|data_mode_off|data_usage_exceeded|unseat_sim_card|user_abroad_roaming_disabled_off[PERSONA:None],telecom_0010,10,3,passed,1,tau2_telecom_base_glm5_no_thinking_remaining112_telecom_0010,C:\Users\86132\Desktop\SafeDesk\benchmarks\tau2-bench\data\simulations\tau2_telecom_base_glm5_no_thinking_remaining112_telecom_0010\results.json,,2026-07-16T15:04:50
tau2_telecom_base_glm5_no_thinking_remaining112,telecom,telecom,base,[mms_issue]airplane_mode_on|bad_network_preference|bad_wifi_calling|break_apn_mms_setting|break_app_storage_permission|data_mode_off|data_usage_exceeded|unseat_sim_card[PERSONA:Easy],telecom_0010,10,4,passed,1,tau2_telecom_base_glm5_no_thinking_remaining112_telecom_0010,C:\Users\86132\Desktop\SafeDesk\benchmarks\tau2-bench\data\simulations\tau2_telecom_base_glm5_no_thinking_remaining112_telecom_0010\results.json,,2026-07-16T15:04:50
tau2_telecom_base_glm5_no_thinking_remaining112,telecom,telecom,base,[mms_issue]airplane_mode_on|bad_network_preference|bad_wifi_calling|break_apn_mms_setting|break_app_storage_permission|data_usage_exceeded|unseat_sim_card|user_abroad_roaming_disabled_off[PERSONA:Easy],telecom_0010,10,5,passed,1,tau2_telecom_base_glm5_no_thinking_remaining112_telecom_0010,C:\Users\86132\Desktop\SafeDesk\benchmarks\tau2-bench\data\simulations\tau2_telecom_base_glm5_no_thinking_remaining112_telecom_0010\results.json,,2026-07-16T15:04:50
tau2_telecom_base_glm5_no_thinking_remaining112,telecom,telecom,base,[mms_issue]airplane_mode_on|bad_network_preference|bad_wifi_calling|break_apn_mms_setting|break_app_sms_permission|data_mode_off|data_usage_exceeded|unseat_sim_card|user_abroad_roaming_enabled_off[PERSONA:None],telecom_0010,10,6,passed,1,tau2_telecom_base_glm5_no_thinking_remaining112_telecom_0010,C:\Users\86132\Desktop\SafeDesk\benchmarks\tau2-bench\data\simulations\tau2_telecom_base_glm5_no_thinking_remaining112_telecom_0010\results.json,,2026-07-16T15:04:50
tau2_telecom_base_glm5_no_thinking_remaining112,telecom,telecom,base,[mms_issue]airplane_mode_on|bad_network_preference|bad_wifi_calling|break_apn_mms_setting|break_app_sms_permission|data_mode_off|data_usage_exceeded|unseat_sim_card|user_abroad_roaming_disabled_on[PERSONA:None],telecom_0010,10,7,passed,1,tau2_telecom_base_glm5_no_thinking_remaining112_telecom_0010,C:\Users\86132\Desktop\SafeDesk\benchmarks\tau2-bench\data\simulations\tau2_telecom_base_glm5_no_thinking_remaining112_telecom_0010\results.json,,2026-07-16T15:04:50
tau2_telecom_base_glm5_no_thinking_remaining112,telecom,telecom,base,[mms_issue]airplane_mode_on|bad_network_preference|bad_wifi_calling|break_apn_mms_setting|break_app_storage_permission|data_mode_off|data_usage_exceeded|unseat_sim_card|user_abroad_roaming_disabled_on[PERSONA:Easy],telecom_0010,10,8,passed,1,tau2_telecom_base_glm5_no_thinking_remaining112_telecom_0010,C:\Users\86132\Desktop\SafeDesk\benchmarks\tau2-bench\data\simulations\tau2_telecom_base_glm5_no_thinking_remaining112_telecom_0010\results.json,,2026-07-16T15:04:50
tau2_telecom_base_glm5_no_thinking_remaining112,telecom,telecom,base,[mms_issue]airplane_mode_on|bad_network_preference|bad_wifi_calling|break_apn_mms_setting|break_app_both_permissions|data_mode_off|data_usage_exceeded|unseat_sim_card|user_abroad_roaming_disabled_on[PERSONA:Hard],telecom_0010,10,9,passed,1,tau2_telecom_base_glm5_no_thinking_remaining112_telecom_0010,C:\Users\86132\Desktop\SafeDesk\benchmarks\tau2-bench\data\simulations\tau2_telecom_base_glm5_no_thinking_remaining112_telecom_0010\results.json,,2026-07-16T15:04:50
tau2_telecom_base_glm5_no_thinking_remaining112,telecom,telecom,base,[mms_issue]airplane_mode_on|bad_network_preference|bad_wifi_calling|break_apn_mms_setting|break_app_storage_permission|data_mode_off|data_usage_exceeded|unseat_sim_card|user_abroad_roaming_disabled_off[PERSONA:Easy],telecom_0011,11,0,passed,1,tau2_telecom_base_glm5_no_thinking_remaining112_telecom_0011,C:\Users\86132\Desktop\SafeDesk\benchmarks\tau2-bench\data\simulations\tau2_telecom_base_glm5_no_thinking_remaining112_telecom_0011\results.json,,2026-07-16T15:11:53
tau2_telecom_base_glm5_no_thinking_remaining112,telecom,telecom,base,[mms_issue]airplane_mode_on|bad_network_preference|bad_wifi_calling|break_apn_mms_setting|break_app_both_permissions|data_mode_off|data_usage_exceeded|unseat_sim_card|user_abroad_roaming_disabled_off[PERSONA:Hard],telecom_0011,11,1,passed,1,tau2_telecom_base_glm5_no_thinking_remaining112_telecom_0011,C:\Users\86132\Desktop\SafeDesk\benchmarks\tau2-bench\data\simulations\tau2_telecom_base_glm5_no_thinking_remaining112_telecom_0011\results.json,,2026-07-16T15:11:53
