id,condition,enabled_modules,purpose,status,tgc,sgc,avg_tokens,false_completion_rate,max_turn_rate
A0,Baseline,none,isolates ungoverned runner,pending,,,,,
A1,+StateVerification,State & Verification,tests evidence-grounded completion,pending,,,,,
A2,+ToolGuard,A1 + Tool Execution Guard,tests schema/effect/dependency controls,pending,,,,,
A3,+Recovery,A2 + Recovery Controller,tests typed recovery and stagnation handling,pending,,,,,
A4,+Context,all four modules,full SafeDesk,pending,,,,,
B1,Full minus StateVerification,all except State & Verification,leave-one-module-out,pending,,,,,
B2,Full minus ToolGuard,all except Tool Execution Guard,leave-one-module-out,pending,,,,,
B3,Full minus Recovery,all except Recovery Controller,leave-one-module-out,pending,,,,,
B4,Full minus Context,all except Context Manager,leave-one-module-out,pending,,,,,
