task_id,difficulty,success,passed_tests,total_tests,turns,model_proposed_calls,executed_calls,read_calls,write_calls,invalid_calls,out_of_schema_calls,duplicate_calls,duplicate_write_actions,completion_step,state_persisted_before_evaluation,predictor_tokens,agent_tokens,total_tokens,duration_seconds,infra_error_type
07bb666_1,1,True,6,6,6,18,18,17,1,0,0,0,0,6,True,7628,42051,49679,16.9521,
07bb666_2,1,False,2,6,8,20,20,13,7,0,0,0,0,8,True,7627,68210,75837,20.9782,
07bb666_3,1,False,2,6,6,13,13,12,1,0,0,0,0,6,True,7621,35433,43054,14.0156,
099174d_1,2,True,7,7,12,18,18,13,5,0,0,0,0,12,True,7653,119377,127030,28.535,
099174d_2,2,True,7,7,11,22,22,15,7,0,0,0,0,11,True,7653,112536,120189,27.9454,
099174d_3,2,True,7,7,13,32,32,24,8,7,0,0,0,13,True,7659,156489,164148,37.8695,
09ac073_1,2,True,6,6,6,22,22,21,1,0,0,0,0,6,True,7674,73993,81667,36.4707,
09ac073_2,2,True,6,6,7,37,37,9,28,0,0,0,0,7,True,7632,93441,101073,52.1284,
09ac073_3,2,True,6,6,8,23,23,11,12,0,0,0,0,8,True,7631,148953,156584,50.1114,
0d22252_1,1,False,5,8,8,11,10,7,3,1,1,0,0,8,True,7633,48353,55986,23.8241,
0d22252_2,1,False,2,8,50,58,57,52,5,1,1,1,0,,True,7619,602190,609809,107.1307,
0d22252_3,1,False,2,8,50,53,49,48,1,4,4,1,0,,True,7620,534583,542203,106.5821,
0de03ad_1,2,False,5,7,27,62,61,60,1,1,1,2,0,27,True,7648,1174163,1181811,98.0107,
0de03ad_2,2,False,6,7,23,53,52,51,1,1,1,0,0,23,True,7648,882122,889770,88.2013,
0de03ad_3,2,False,6,7,19,36,36,35,1,0,0,5,0,19,True,7651,698182,705833,58.2607,
143527e_1,3,False,6,7,8,13,13,11,2,0,0,0,0,8,True,7680,69624,77304,19.2626,
143527e_2,3,False,6,7,8,13,13,11,2,0,0,0,0,8,True,7677,70730,78407,20.9192,
143527e_3,3,True,7,7,11,17,17,16,1,0,0,0,0,11,True,7690,104710,112400,25.2216,
16be9ce_1,1,True,2,2,7,10,9,8,1,1,1,0,0,7,True,7639,55013,62652,14.6579,
16be9ce_2,1,True,2,2,18,19,15,14,1,4,4,1,0,18,True,7624,201660,209284,47.437,
16be9ce_3,1,True,2,2,8,10,7,6,1,3,3,0,0,8,True,7625,52366,59991,23.359,
18670a5_1,3,True,10,10,9,14,12,8,4,2,2,0,0,9,True,7700,90848,98548,26.4851,
18670a5_2,3,False,2,10,8,37,29,16,13,8,8,0,0,8,True,7694,73086,80780,36.0448,
18670a5_3,3,True,10,10,8,28,20,14,6,8,8,0,0,8,True,7711,78600,86311,30.7179,
1a79e37_1,2,False,6,9,22,26,22,20,2,4,4,1,0,22,True,7648,345679,353327,58.0421,
1a79e37_2,2,False,1,9,50,19,14,14,0,5,5,1,0,,True,7648,5934943,5942591,1621.1762,
1a79e37_3,2,False,1,9,50,57,51,35,16,6,6,16,0,,True,7648,1165856,1173504,107.2335,
1b2bae9_1,3,False,10,12,10,15,14,11,3,1,1,0,0,10,True,7712,91902,99614,27.297,
1b2bae9_2,3,False,10,12,13,17,16,12,4,1,1,0,0,13,True,7723,126656,134379,32.2061,
1b2bae9_3,3,False,10,12,12,16,15,11,4,1,1,0,0,12,True,7712,123657,131369,33.9153,
1b988ac_1,3,True,10,10,10,16,16,13,3,0,0,0,0,10,True,7736,102931,110667,37.2973,
1b988ac_2,3,True,10,10,10,18,18,15,3,0,0,0,0,10,True,7736,140497,148233,34.9343,
1b988ac_3,3,True,10,10,9,18,18,15,3,0,0,0,0,9,True,7735,99273,107008,36.4202,
1c4bd27_1,2,True,4,4,6,10,10,9,1,0,0,0,0,6,True,7622,56374,63996,14.9574,
1c4bd27_2,2,True,4,4,6,12,12,11,1,0,0,0,0,6,True,7622,57874,65496,18.8928,
1c4bd27_3,2,True,4,4,6,13,13,12,1,0,0,0,0,6,True,7622,55597,63219,20.7686,
20c1328_1,2,False,1,9,50,54,54,41,13,0,0,1,0,,True,7698,732532,740230,106.1447,
20c1328_2,2,False,1,9,50,56,54,53,1,2,2,3,0,,True,7675,715915,723590,104.5641,
20c1328_3,2,False,7,9,14,20,20,18,2,0,0,0,0,14,True,7705,146447,154152,34.1797,
23d431c_1,3,False,7,8,15,74,74,72,2,0,0,0,0,15,True,7671,329568,337239,41.7737,
23d431c_2,3,True,8,8,10,13,13,11,2,0,0,0,0,10,True,7665,122107,129772,21.3604,
23d431c_3,3,False,2,8,22,71,71,68,3,0,0,1,0,22,True,7670,492688,500358,59.3309,
245cb43_1,1,False,1,8,50,248,247,247,0,1,1,10,0,,True,7660,1184442,1192102,109.79,
245cb43_2,1,False,5,8,7,21,21,20,1,0,0,0,0,7,True,7645,50345,57990,24.5153,
245cb43_3,1,False,7,8,8,11,11,9,2,0,0,0,0,8,True,7659,50515,58174,19.1121,
258796c_1,2,True,2,2,9,14,14,13,1,0,0,0,0,9,True,7665,75972,83637,14.8919,
258796c_2,2,True,2,2,10,12,12,11,1,0,0,0,0,10,True,7666,83041,90707,15.1683,
258796c_3,2,True,2,2,7,12,12,11,1,0,0,0,0,7,True,7651,53125,60776,13.3984,
277d81d_1,1,True,6,6,7,26,26,25,1,0,0,0,0,7,True,7632,83551,91183,42.0318,
277d81d_2,1,True,6,6,8,46,45,44,1,1,1,0,0,8,True,7627,145366,152993,49.5526,
277d81d_3,1,True,6,6,7,27,27,26,1,0,0,0,0,7,True,7632,85833,93465,36.1154,
2e9b91e_1,1,True,5,5,9,11,9,7,2,2,2,0,0,9,True,7634,55314,62948,16.863,
2e9b91e_2,1,False,4,5,7,9,8,6,2,1,1,0,0,7,True,7634,40116,47750,13.9236,
2e9b91e_3,1,True,5,5,9,10,9,7,2,1,1,0,0,9,True,7634,53118,60752,14.7191,
2ff4dfb_1,2,True,9,9,6,11,11,6,5,0,0,0,0,6,True,7661,53623,61284,15.2886,
2ff4dfb_2,2,True,9,9,7,12,11,6,5,1,1,0,0,7,True,7661,67648,75309,18.4366,
2ff4dfb_3,2,True,9,9,7,11,11,6,5,0,0,0,0,7,True,7661,65863,73524,15.5171,
30e8586_1,2,False,6,10,50,60,59,52,7,1,1,3,1,,True,7737,874193,881930,112.6569,
30e8586_2,2,False,2,10,50,57,57,52,5,1,0,7,0,,True,7741,850364,858105,103.0589,
30e8586_3,2,False,1,10,50,164,162,156,6,2,2,5,0,,True,7745,1335430,1343175,202.9802,
321ec38_1,3,False,7,8,7,9,9,7,2,0,0,0,0,7,True,7649,58366,66015,12.9167,
321ec38_2,3,False,7,8,7,9,8,6,2,1,1,0,0,7,True,7642,61752,69394,12.4333,
321ec38_3,3,False,7,8,6,9,8,6,2,1,1,0,0,6,True,7644,48813,56457,13.5491,
33e202d_1,3,False,7,10,13,49,48,22,26,1,1,0,0,13,True,7796,220142,227938,84.636,
33e202d_2,3,False,7,10,13,62,60,18,42,2,2,0,0,13,True,7794,228041,235835,97.3145,
33e202d_3,3,False,7,10,13,41,39,21,18,2,2,0,0,13,True,7796,202259,210055,65.8442,
3650990_1,1,True,2,2,6,8,7,6,1,1,1,0,0,6,True,7603,44053,51656,15.6335,
3650990_2,1,True,2,2,6,8,7,6,1,1,1,0,0,6,True,7602,42244,49846,15.7012,
3650990_3,1,True,2,2,8,10,9,8,1,1,1,0,0,8,True,7617,69365,76982,19.0752,
365e0a3_1,1,True,2,2,5,6,6,5,1,0,0,0,0,5,True,7608,25347,32955,9.2117,
365e0a3_2,1,True,2,2,5,7,7,6,1,0,0,0,0,5,True,7610,26510,34120,10.2486,
365e0a3_3,1,True,2,2,5,7,7,6,1,0,0,0,0,5,True,7608,26301,33909,9.4061,
36705ae_1,3,True,18,18,11,23,22,14,8,1,1,0,0,11,True,7735,143998,151733,41.2741,
36705ae_2,3,True,18,18,9,22,22,15,7,0,0,0,0,9,True,7714,123476,131190,41.9063,
36705ae_3,3,True,18,18,11,23,23,15,8,0,0,0,0,11,True,7715,156710,164425,41.6617,
383a053_1,2,False,1,9,50,158,158,154,4,0,0,4,1,,True,7681,872601,880282,188.0774,
383a053_2,2,False,6,9,42,191,191,186,5,0,0,4,0,42,True,7664,860241,867905,209.6657,
383a053_3,2,False,5,9,46,198,197,193,4,1,1,3,0,46,True,7663,892420,900083,227.2774,
3f3c139_1,2,False,4,8,7,22,21,11,10,1,1,3,0,7,True,7647,51239,58886,26.5431,
3f3c139_2,2,True,8,8,7,22,21,11,10,1,1,3,0,7,True,7647,51168,58815,26.0432,
3f3c139_3,2,False,4,8,6,22,21,8,13,1,1,0,0,6,True,7641,41732,49373,25.6748,
3fcc458_1,3,False,5,12,50,42,40,22,18,2,2,14,6,,True,7712,1101050,1108762,179.445,
3fcc458_2,3,False,7,12,35,58,55,41,14,4,3,5,0,35,True,7707,975305,983012,261.813,
3fcc458_3,3,False,5,12,50,50,48,39,9,3,2,10,2,,True,7715,2468085,2475800,820.5562,
4242c97_1,2,True,8,8,12,14,13,11,2,1,1,0,0,12,True,7682,116928,124610,23.5015,
4242c97_2,2,True,8,8,10,12,12,10,2,0,0,0,0,10,True,7676,98688,106364,21.8145,
4242c97_3,2,False,4,8,11,13,13,11,2,0,0,0,0,11,True,7678,106265,113943,24.0523,
432dc7a_1,3,False,1,8,50,55,54,53,1,1,1,3,0,,True,7699,786781,794480,109.7936,
432dc7a_2,3,False,1,8,50,54,54,53,1,0,0,5,0,,True,7699,775092,782791,96.8966,
432dc7a_3,3,False,1,8,44,51,50,47,3,1,1,18,0,44,True,7699,625027,632726,81.0284,
4441ee9_1,3,True,11,11,19,30,28,27,1,2,2,1,0,19,True,7717,566142,573859,60.5639,
4441ee9_2,3,True,11,11,15,32,31,30,1,1,1,0,0,15,True,7710,382247,389957,57.7085,
4441ee9_3,3,True,11,11,11,30,29,28,1,1,1,0,0,11,True,7717,165887,173604,42.7171,
476b213_1,2,True,2,2,22,82,81,80,1,1,1,6,0,22,True,7610,235307,242917,105.2832,
476b213_2,2,False,1,2,11,12,12,11,1,0,0,3,0,11,True,7612,62818,70430,24.3699,
476b213_3,2,False,1,2,50,291,291,291,0,0,0,17,0,,True,7610,1350777,1358387,319.3627,
4815c06_1,2,True,9,9,26,49,48,38,10,1,1,9,0,26,True,7734,273551,281285,62.5604,
4815c06_2,2,True,9,9,12,23,23,14,9,0,0,2,0,12,True,7736,114901,122637,35.1583,
4815c06_3,2,True,9,9,11,22,22,13,9,0,0,2,0,11,True,7723,104862,112585,29.3764,
4ac4a8d_1,3,False,11,12,13,16,15,13,2,1,1,2,0,13,True,7727,121285,129012,42.3286,
4ac4a8d_2,3,True,12,12,14,17,15,12,3,2,2,1,0,14,True,7736,146247,153983,33.9019,
4ac4a8d_3,3,False,5,12,18,22,20,17,3,2,2,5,0,18,True,7720,206640,214360,56.4631,
4d12842_1,1,True,4,4,7,30,30,7,23,0,0,0,0,7,True,7621,64490,72111,33.7872,
4d12842_2,1,True,4,4,6,19,19,6,13,0,0,0,0,6,True,7620,48315,55935,21.3887,
4d12842_3,1,True,4,4,6,23,23,6,17,0,0,0,0,6,True,7623,49977,57600,24.6097,
5238afc_1,1,False,1,7,25,26,25,24,1,1,1,10,0,25,True,7605,172952,180557,52.3152,
5238afc_2,1,False,1,7,50,51,50,50,0,1,1,3,0,,True,7604,568362,575966,112.3069,
5238afc_3,1,False,1,7,50,131,131,131,0,0,0,11,0,,True,7622,1652731,1660353,514.5627,
5800354_1,3,True,7,7,15,17,17,15,2,0,0,1,0,15,True,7673,143221,150894,-1683881193.0184,
5800354_2,3,True,7,7,15,17,17,15,2,0,0,1,0,15,True,7673,141623,149296,28.226,
5800354_3,3,True,7,7,12,16,16,14,2,0,0,0,0,12,True,7673,121059,128732,25.2372,
59bcfc8_1,3,False,1,10,50,55,55,50,5,0,0,7,1,,True,7711,900831,908542,92.9398,
59bcfc8_2,3,False,1,10,50,51,50,45,5,1,1,3,1,,True,7713,699131,706844,93.4768,
59bcfc8_3,3,False,1,10,50,115,115,112,3,0,0,2,0,,True,7706,980153,987859,-1683877526.2323,
5e27cd7_1,1,True,4,4,7,16,16,6,10,0,0,0,0,7,True,7611,84483,92094,21.2525,
5e27cd7_2,1,True,4,4,6,14,14,5,9,0,0,0,0,6,True,7611,47247,54858,18.8923,
5e27cd7_3,1,True,4,4,6,10,10,5,5,0,0,0,0,6,True,7611,50627,58238,14.3282,
6474048_1,2,False,6,8,10,12,11,9,2,1,1,0,0,10,True,7685,74638,82323,21.3996,
6474048_2,2,False,7,8,12,16,15,13,2,1,1,0,0,12,True,7708,94828,102536,22.4566,
6474048_3,2,False,7,8,11,14,13,11,2,1,1,0,0,11,True,7697,96110,103807,22.1978,
6588a51_1,1,True,6,6,6,7,7,6,1,0,0,0,0,6,True,7629,55150,62779,12.7415,
6588a51_2,1,True,6,6,6,7,7,6,1,0,0,0,0,6,True,7632,53681,61313,11.8266,
6588a51_3,1,True,6,6,6,7,7,6,1,0,0,0,0,6,True,7633,50580,58213,13.5498,
66b7899_1,2,True,5,5,11,15,12,10,2,3,3,0,0,11,True,7632,149805,157437,33.6503,
66b7899_2,2,True,5,5,10,13,10,8,2,3,3,0,0,10,True,7632,104332,111964,20.8316,
66b7899_3,2,False,4,5,10,15,12,10,2,3,3,0,0,10,True,7632,135931,143563,36.9857,
690d51b_1,2,False,4,8,37,38,37,35,2,1,1,1,0,37,True,7649,359201,366850,70.3642,
690d51b_2,2,False,7,8,49,51,50,47,3,1,1,3,0,49,True,7655,547447,555102,98.1402,
690d51b_3,2,False,1,8,50,51,49,48,1,2,2,1,0,,True,7649,546993,554642,92.9977,
69ba40f_1,3,True,12,12,7,29,29,12,17,0,0,0,0,7,True,7657,81992,89649,42.3221,
69ba40f_2,3,True,12,12,7,26,26,11,15,0,0,0,0,7,True,7665,81136,88801,36.7148,
69ba40f_3,3,True,12,12,7,30,30,13,17,0,0,0,0,7,True,7675,82949,90624,41.7792,
6a5e690_1,1,True,7,7,6,12,12,5,7,0,0,0,0,6,True,7620,40304,47924,16.5861,
6a5e690_2,1,True,7,7,6,15,15,5,10,0,0,0,0,6,True,7620,41837,49457,20.7656,
6a5e690_3,1,True,7,7,5,11,11,4,7,0,0,0,0,5,True,7620,32277,39897,15.9646,
6d59d90_1,3,False,7,10,36,42,42,33,9,0,0,18,4,36,True,7728,492596,500324,97.9419,
6d59d90_2,3,False,1,10,28,27,26,17,9,1,1,2,0,28,True,7717,668854,676571,315.9275,
6d59d90_3,3,False,8,10,50,54,52,45,7,2,2,24,3,,True,7722,722275,729997,120.4973,
7238049_1,3,False,3,8,11,12,11,5,6,1,1,2,1,11,True,7641,67710,75351,31.5076,
7238049_2,3,False,1,8,50,49,47,22,25,2,2,19,8,,True,7636,552976,560612,160.5857,
7238049_3,3,False,2,8,50,37,35,18,17,2,2,18,4,,True,7641,1417548,1425189,705.1837,
7264edc_1,3,True,4,4,8,16,15,11,4,1,1,0,0,8,True,7661,78765,86426,23.2643,
7264edc_2,3,True,4,4,7,12,11,7,4,1,1,0,0,7,True,7661,58190,65851,19.5944,
7264edc_3,3,True,4,4,6,14,14,9,5,0,0,0,0,6,True,7661,61806,69467,20.3832,
7434096_1,2,False,5,6,15,17,15,14,1,2,2,0,0,15,True,7663,236723,244386,46.1759,
7434096_2,2,False,5,6,10,13,11,10,1,2,2,0,0,10,True,7660,130597,138257,41.9261,
7434096_3,2,False,5,6,9,12,10,9,1,2,2,0,0,9,True,7663,102936,110599,27.4202,
7574325_1,2,False,4,5,6,7,6,3,3,1,1,0,0,6,True,7605,30354,37959,14.925,
7574325_2,2,False,4,5,6,7,6,3,3,1,1,0,0,6,True,7605,30822,38427,15.6873,
7574325_3,2,False,4,5,5,6,5,3,2,1,1,0,0,5,True,7606,24402,32008,12.7314,
77bcb81_1,2,False,2,7,46,233,226,225,1,7,7,13,0,46,True,7622,1225232,1232854,300.239,
77bcb81_2,2,False,1,7,50,278,271,271,0,7,7,8,0,,True,7622,1375535,1383157,323.9593,
77bcb81_3,2,False,1,7,50,350,349,349,0,1,1,2,0,,True,7622,1612019,1619641,380.6059,
7b97e6d_1,2,False,1,8,50,107,105,105,0,2,2,17,0,,True,7630,645338,652968,86.1008,
7b97e6d_2,2,False,4,8,8,16,16,8,8,0,0,0,0,8,True,7644,58942,66586,30.5578,
7b97e6d_3,2,False,1,8,50,57,55,45,10,2,2,7,4,,True,7630,692750,700380,117.0385,
7bdaf23_1,2,True,8,8,7,12,11,9,2,1,1,0,0,7,True,7649,65076,72725,18.9807,
7bdaf23_2,2,True,8,8,8,13,12,9,3,1,1,0,0,8,True,7658,79319,86977,19.4709,
7bdaf23_3,2,True,8,8,7,12,11,8,3,1,1,0,0,7,True,7650,55207,62857,20.2601,
7d26579_1,1,True,2,2,8,9,9,8,1,1,0,0,0,8,True,7637,81397,89034,17.1217,
7d26579_2,1,True,2,2,7,8,8,7,1,1,0,0,0,7,True,7636,69800,77436,14.6187,
7d26579_3,1,True,2,2,7,8,8,7,1,0,0,0,0,7,True,7637,46891,54528,12.8968,
7e1be84_1,3,False,1,8,50,57,55,41,14,4,2,17,0,,True,7651,721323,728974,-1683879096.3045,
7e1be84_2,3,True,8,8,12,16,15,13,2,3,1,0,0,12,True,7657,108263,115920,22.2296,
7e1be84_3,3,False,4,8,10,13,13,11,2,0,0,0,0,10,True,7656,85101,92757,20.7979,
80acbaf_1,3,False,0,9,50,105,104,98,6,1,1,21,3,,True,7724,1362181,1369905,124.7825,
80acbaf_2,3,False,4,9,29,79,77,73,4,2,2,9,2,29,True,7712,806801,814513,86.8288,
80acbaf_3,3,False,4,9,36,62,61,55,6,1,1,19,4,36,True,7712,1354576,1362288,87.1313,
81be677_1,1,True,2,2,4,6,6,5,1,0,0,0,0,4,True,7619,28327,35946,9.6295,
81be677_2,1,True,2,2,4,6,6,5,1,0,0,0,0,4,True,7620,27658,35278,9.3431,
81be677_3,1,True,2,2,4,6,6,5,1,0,0,0,0,4,True,7620,27087,34707,9.378,
82d2e01_1,3,False,1,6,41,33,30,29,1,3,3,11,0,41,True,7657,1442356,1450013,493.1929,
82d2e01_2,3,False,4,6,43,29,25,23,2,5,4,2,0,43,True,7657,2049126,2056783,733.5228,
82d2e01_3,3,False,0,6,50,25,21,21,0,4,4,5,0,,True,7654,3755195,3762849,1110.8041,
8a13317_1,2,True,7,7,9,17,17,12,5,3,0,0,0,9,True,7660,102982,110642,22.8403,
8a13317_2,2,True,7,7,9,17,17,12,5,3,0,0,0,9,True,7661,100162,107823,21.9104,
8a13317_3,2,True,7,7,8,14,14,9,5,0,0,0,0,8,True,7666,90715,98381,18.3328,
8d42650_1,3,False,3,10,50,31,29,23,6,2,2,3,0,,True,7739,6031226,6038965,1360.418,
8d42650_2,3,False,3,10,50,58,54,30,24,4,4,9,3,,True,7738,2392438,2400176,652.9111,
8d42650_3,3,False,3,10,50,46,42,37,5,4,4,4,0,,True,7739,2840524,2848263,842.9605,
8f79e35_1,3,False,3,8,45,63,60,58,2,3,3,12,0,45,True,7686,1086999,1094685,154.2173,
8f79e35_2,3,False,3,8,50,40,38,38,0,2,2,6,0,,True,7691,1850956,1858647,682.0919,
8f79e35_3,3,False,3,8,50,70,68,68,0,2,2,6,0,,True,7686,1182959,1190645,287.9814,
906f2c7_1,3,True,10,10,8,10,10,8,2,0,0,0,0,8,True,7681,72483,80164,16.9411,
906f2c7_2,3,True,10,10,9,12,12,10,2,0,0,0,0,9,True,7681,83530,91211,21.3686,
906f2c7_3,3,True,10,10,9,10,10,8,2,0,0,0,0,9,True,7681,79091,86772,18.8475,
9126bf0_1,2,True,7,7,8,10,10,8,2,0,0,1,0,8,True,7644,82281,89925,17.1206,
9126bf0_2,2,True,7,7,8,10,10,8,2,0,0,1,0,8,True,7644,62196,69840,16.2359,
9126bf0_3,2,True,7,7,8,10,10,8,2,0,0,1,0,8,True,7649,78433,86082,18.2472,
92fe421_1,3,True,5,5,13,17,15,12,3,2,2,0,0,13,True,7660,123858,131518,35.4111,
92fe421_2,3,False,3,5,7,12,11,9,2,1,1,0,0,7,True,7686,65339,73025,19.6335,
92fe421_3,3,False,4,5,10,15,14,11,3,1,1,0,0,10,True,7683,89299,96982,23.3759,
953b296_1,2,False,8,9,12,23,23,21,2,0,0,0,0,12,True,7709,234483,242192,34.4434,
953b296_2,2,True,9,9,21,53,53,51,2,0,0,0,0,21,True,7702,623729,631431,59.3276,
953b296_3,2,True,9,9,16,35,35,33,2,0,0,0,0,16,True,7709,367025,374734,44.4173,
96bf160_1,2,True,8,8,7,13,13,12,1,0,0,0,0,7,True,7657,63523,71180,21.6317,
96bf160_2,2,True,8,8,8,10,10,9,1,0,0,0,0,8,True,7657,65165,72822,17.9569,
96bf160_3,2,True,8,8,8,11,11,10,1,0,0,0,0,8,True,7657,67992,75649,20.8965,
9871968_1,2,False,1,7,50,143,142,137,5,1,1,1,0,,True,7630,775927,783557,190.9016,
9871968_2,2,False,1,7,50,132,130,123,7,2,2,2,0,,True,7624,747160,754784,176.5417,
9871968_3,2,False,6,7,26,107,107,99,8,0,0,2,0,26,True,7630,312698,320328,123.7045,
988af8e_1,3,False,9,24,12,21,20,14,6,1,1,3,0,12,True,7645,112680,120325,43.3428,
988af8e_2,3,False,9,24,15,20,18,12,6,3,2,3,0,15,True,7645,140305,147950,40.3865,
988af8e_3,3,False,9,24,17,22,18,12,6,5,4,4,0,17,True,7645,174050,181695,56.1103,
98d2608_1,1,False,1,8,50,66,63,63,0,4,3,2,0,,True,7645,1052961,1060606,115.6818,
98d2608_2,1,False,1,8,50,52,48,48,0,5,4,1,0,,True,7631,994818,1002449,103.7769,
98d2608_3,1,True,8,8,50,53,51,49,2,3,2,3,0,50,True,7631,1235685,1243316,110.2947,
998908e_1,3,False,2,5,50,69,67,22,45,2,2,31,28,,True,7637,2748633,2756270,173.1559,
998908e_2,3,False,2,5,50,49,47,30,17,2,2,13,3,,True,7636,3985811,3993447,978.9605,
998908e_3,3,False,2,5,50,62,60,48,12,2,2,5,2,,True,7637,3543236,3550873,171.6386,
9a16324_1,3,True,5,5,8,55,55,54,1,15,0,0,0,8,True,7694,123961,131655,46.0274,
9a16324_2,3,True,5,5,8,59,59,58,1,16,0,0,0,8,True,7689,128859,136548,51.1546,
9a16324_3,3,False,3,5,9,42,42,41,1,10,0,0,0,9,True,7689,99900,107589,37.2895,
9aae7da_1,1,False,1,2,22,31,29,28,1,2,2,9,0,22,True,7619,159376,166995,43.5231,
9aae7da_2,1,True,2,2,4,6,6,5,1,0,0,0,0,4,True,7619,20094,27713,9.2488,
9aae7da_3,1,True,2,2,4,6,6,5,1,0,0,0,0,4,True,7619,19965,27584,9.6149,
9b2dc64_1,2,True,10,10,10,12,12,9,3,0,0,1,0,10,True,7681,121341,129022,21.6682,
9b2dc64_2,2,True,10,10,10,13,13,10,3,0,0,0,0,10,True,7679,128276,135955,22.5072,
9b2dc64_3,2,True,10,10,8,11,11,8,3,0,0,0,0,8,True,7680,66066,73746,18.8892,
9bf2c8a_1,1,True,6,6,5,7,7,6,1,0,0,0,0,5,True,7636,31316,38952,10.6063,
9bf2c8a_2,1,True,6,6,10,25,25,16,9,0,0,0,0,10,True,7635,72311,79946,26.4978,
9bf2c8a_3,1,True,6,6,5,9,9,8,1,0,0,0,0,5,True,7636,31336,38972,12.6801,
9ef034e_1,3,False,1,9,10,14,9,8,1,5,5,1,0,10,True,7638,75218,82856,28.3636,
9ef034e_2,3,False,2,9,12,15,11,10,1,4,4,1,0,12,True,7639,104339,111978,-1683878870.4707,
9ef034e_3,3,False,2,9,10,13,9,8,1,4,4,1,0,10,True,7638,79987,87625,-1683878262.2537,
a132254_1,2,True,9,9,6,7,7,6,1,0,0,0,0,6,True,7640,39116,46756,11.4807,
a132254_2,2,True,9,9,6,7,7,6,1,0,0,0,0,6,True,7639,39015,46654,11.9261,
a132254_3,2,True,9,9,6,7,7,6,1,0,0,0,0,6,True,7641,38762,46403,12.1976,
a1d3dfd_1,3,True,11,11,19,62,61,58,3,1,1,1,0,19,True,7675,210786,218461,53.526,
a1d3dfd_2,3,False,10,11,20,76,75,72,3,1,1,1,0,20,True,7675,275809,283484,58.8553,
a1d3dfd_3,3,True,11,11,13,59,58,55,3,1,1,0,0,13,True,7675,133294,140969,38.4743,
a3ba388_1,2,False,3,9,6,10,9,8,1,1,1,0,0,6,True,7673,40074,47747,17.9165,
a3ba388_2,2,False,4,9,25,25,25,24,1,0,0,4,0,25,True,7684,623715,631399,266.8707,
a3ba388_3,2,False,3,9,7,10,9,8,1,1,1,0,0,7,True,7676,48094,55770,22.3843,
a53a8fd_1,3,False,2,10,50,48,47,47,0,1,1,23,0,,True,7686,1832280,1839966,770.8973,
a53a8fd_2,3,False,2,10,21,32,31,30,1,1,1,4,0,21,True,7686,235376,243062,72.3678,
a53a8fd_3,3,False,2,10,50,81,80,80,0,1,1,26,0,,True,7686,868557,876243,136.7505,
a5b0084_1,3,False,3,8,50,24,23,12,11,1,1,11,6,,True,7643,3964966,3972609,1274.0057,
a5b0084_2,3,False,3,8,50,17,15,11,4,2,2,5,1,,True,7643,2073807,2081450,469.6753,
a5b0084_3,3,False,7,8,9,12,11,5,6,1,1,1,1,9,True,7644,55466,63110,32.3686,
a676f2a_1,3,False,5,7,16,24,20,15,5,4,4,0,0,16,True,7719,215035,222754,60.0024,
a676f2a_2,3,True,7,7,20,32,28,21,7,4,4,1,0,20,True,7733,645724,653457,98.1906,
a676f2a_3,3,True,7,7,13,25,23,16,7,2,2,0,0,13,True,7719,149831,157550,60.3786,
a7179fa_1,3,True,9,9,6,16,16,12,4,0,0,0,0,6,True,7724,53180,60904,23.1451,
a7179fa_2,3,True,9,9,6,16,16,11,5,0,0,0,0,6,True,7729,53650,61379,23.6761,
a7179fa_3,3,True,9,9,7,17,17,11,6,0,0,0,0,7,True,7730,64118,71848,27.8,
a8f302f_1,2,False,3,9,50,214,209,209,0,5,5,9,0,,True,7663,1121856,1129519,248.2141,
a8f302f_2,2,False,3,9,50,73,73,73,0,0,0,2,0,,True,7663,814615,822278,120.4546,
a8f302f_3,2,False,3,9,50,76,76,76,0,0,0,3,0,,True,7663,868973,876636,119.9395,
a97e35d_1,3,False,8,14,15,37,36,35,1,1,1,1,0,15,True,7715,197945,205660,62.4713,
a97e35d_2,3,False,13,14,12,33,29,28,1,4,4,1,0,12,True,7707,153028,160735,56.8157,
a97e35d_3,3,False,11,14,14,37,32,31,1,5,5,1,0,14,True,7709,207726,215435,70.4983,
aaa25aa_1,3,False,1,8,8,10,8,7,1,2,2,0,0,8,True,7632,50872,58504,26.4146,
aaa25aa_2,3,False,2,8,8,11,9,8,1,2,2,0,0,8,True,7630,53766,61396,29.9352,
aaa25aa_3,3,False,1,8,10,11,9,8,1,2,2,1,0,10,True,7624,77069,84693,35.7717,
ac62177_1,2,True,7,7,13,36,35,14,21,1,1,2,0,13,True,7653,136766,144419,52.9444,
ac62177_2,2,True,7,7,11,33,32,12,20,1,1,0,0,11,True,7653,105192,112845,40.9615,
ac62177_3,2,True,7,7,9,27,27,11,16,0,0,0,0,9,True,7662,79906,87568,33.4072,
adb1060_1,3,False,7,9,8,17,16,6,10,1,1,0,0,8,True,7666,57719,65385,29.8944,
adb1060_2,3,True,9,9,10,20,18,7,11,2,2,0,0,10,True,7667,77979,85646,38.5917,
adb1060_3,3,True,9,9,7,17,16,6,10,1,1,0,0,7,True,7668,55081,62749,33.5234,
af84964_1,2,False,5,11,7,27,26,25,1,1,1,0,0,7,True,7722,67175,74897,37.8915,
af84964_2,2,True,11,11,8,35,35,34,1,0,0,0,0,8,True,7726,89275,97001,46.5591,
af84964_3,2,False,10,11,15,81,80,79,1,1,1,0,0,15,True,7726,429764,437490,119.827,
b05f69a_1,2,False,5,6,19,69,69,41,28,0,0,0,0,19,True,7730,675578,683308,113.7412,
b05f69a_2,2,False,2,6,17,54,54,32,22,0,0,0,0,17,True,7733,505808,513541,-1683882639.7863,
b05f69a_3,2,False,5,6,15,53,53,31,22,0,0,0,0,15,True,7733,421388,429121,93.7235,
b08d5ef_1,3,False,2,6,50,57,57,52,5,0,0,5,0,,True,7686,721112,728798,97.4012,
b08d5ef_2,3,True,6,6,21,31,31,22,9,0,0,2,2,21,True,7705,246784,254489,49.8073,
b08d5ef_3,3,False,2,6,50,57,57,52,5,0,0,3,0,,True,7686,816601,824287,101.7254,
b0934aa_1,2,False,2,11,50,51,49,48,1,2,2,1,0,,True,7668,593205,600873,95.9984,
b0934aa_2,2,False,2,11,50,52,52,51,1,0,0,4,0,,True,7662,577721,585383,98.7316,
b0934aa_3,2,False,2,11,50,153,153,152,1,0,0,7,0,,True,7669,910661,918330,198.6219,
b3bdcc1_1,2,False,6,9,8,15,15,13,2,0,0,0,0,8,True,7675,66443,74118,17.7653,
b3bdcc1_2,2,False,1,9,50,66,61,52,9,6,5,19,0,,True,7675,786648,794323,98.2958,
b3bdcc1_3,2,False,8,9,10,16,16,14,2,0,0,0,0,10,True,7675,86915,94590,20.9556,
b4707e8_1,3,True,10,10,7,13,12,10,2,1,1,0,0,7,True,7638,88011,95649,21.9528,
b4707e8_2,3,True,10,10,7,10,9,7,2,1,1,0,0,7,True,7638,57672,65310,17.0,
b4707e8_3,3,True,10,10,10,15,14,12,2,1,1,0,0,10,True,7638,126242,133880,23.4502,
b68eb83_1,3,False,1,5,50,37,34,25,9,4,3,8,0,,True,7635,2872492,2880127,910.0598,
b68eb83_2,3,False,1,5,50,53,51,26,25,2,2,15,9,,True,7635,1143646,1151281,147.5534,
b68eb83_3,3,False,1,5,43,49,47,38,9,2,2,9,1,43,True,7634,1145114,1152748,135.7171,
b6d1f70_1,3,False,8,13,27,26,22,17,5,4,4,4,1,27,True,7721,608818,616539,280.3806,
b6d1f70_2,3,True,13,13,15,19,18,13,5,1,1,1,1,15,True,7714,145850,153564,33.0018,
b6d1f70_3,3,True,13,13,14,18,18,13,5,0,0,1,1,14,True,7712,129587,137299,28.0898,
b71318e_1,3,False,9,11,39,72,71,46,25,1,1,2,0,39,True,7685,693450,701135,116.0737,
b71318e_2,3,False,9,11,35,52,48,29,19,4,4,6,0,35,True,7686,505448,513134,92.8964,
b71318e_3,3,False,10,11,13,24,24,19,5,0,0,1,0,13,True,7685,138602,146287,37.062,
ba46d91_1,1,False,1,2,6,8,7,6,1,1,1,0,0,6,True,7617,31117,38734,14.2513,
ba46d91_2,1,False,1,2,6,8,7,6,1,1,1,0,0,6,True,7614,31887,39501,22.585,
ba46d91_3,1,False,1,2,10,11,10,9,1,1,1,2,0,10,True,7617,58952,66569,32.3217,
baeb104_1,1,True,10,10,7,10,10,8,2,0,0,0,0,7,True,7701,70030,77731,17.4335,
baeb104_2,1,True,10,10,7,10,10,8,2,0,0,0,0,7,True,7701,67871,75572,17.4165,
baeb104_3,1,True,10,10,6,10,10,8,2,0,0,0,0,6,True,7695,56652,64347,18.6538,
bcb9696_1,2,True,11,11,7,10,10,7,3,0,0,0,0,7,True,7690,62857,70547,17.5575,
bcb9696_2,2,True,11,11,7,10,10,7,3,0,0,0,0,7,True,7690,64217,71907,16.676,
bcb9696_3,2,False,3,11,50,162,158,157,1,4,4,36,0,,True,7684,1267532,1275216,207.384,
c1091c7_1,2,False,3,4,6,13,13,10,3,0,0,0,0,6,True,7647,56568,64215,18.3479,
c1091c7_2,2,True,4,4,7,18,18,13,5,0,0,0,0,7,True,7647,75082,82729,26.866,
c1091c7_3,2,False,3,4,10,19,19,15,4,0,0,0,0,10,True,7647,158590,166237,30.6671,
c8f5f44_1,3,False,9,11,39,45,42,40,2,3,3,2,0,39,True,7696,459836,467532,88.625,
c8f5f44_2,3,False,1,11,50,55,55,55,0,0,0,4,0,,True,7695,673881,681576,114.531,
c8f5f44_3,3,False,1,11,50,56,53,53,0,3,3,3,0,,True,7697,759783,767480,118.687,
c9458ed_1,3,False,5,6,22,30,30,23,7,0,0,8,5,22,True,7706,280612,288318,47.3213,
c9458ed_2,3,False,4,6,18,26,26,23,3,0,0,3,0,18,True,7708,207923,215631,39.4256,
c9458ed_3,3,False,5,6,15,29,29,27,2,1,0,1,0,15,True,7708,212372,220080,41.5151,
cb4ee7a_1,3,False,4,7,10,11,9,5,4,2,2,2,0,10,True,7619,58195,65814,32.0007,
cb4ee7a_2,3,False,4,7,11,11,9,6,3,2,2,2,1,11,True,7626,66729,74355,24.3805,
cb4ee7a_3,3,False,3,7,50,10,8,3,5,2,2,2,2,,True,7622,7121168,7128790,1776.094,
cdaaea5_1,3,True,9,9,42,231,231,220,11,10,0,3,0,42,True,7682,2124353,2132035,269.4397,
cdaaea5_2,3,False,1,9,50,76,76,69,7,7,0,1,0,,True,7682,2758346,2766028,130.3227,
cdaaea5_3,3,False,1,9,50,64,64,57,7,0,0,1,0,,True,7682,1688664,1696346,112.1391,
cdf61bd_1,2,False,6,8,14,45,44,42,2,1,1,0,0,14,True,7637,300724,308361,46.6894,
cdf61bd_2,2,False,0,8,50,91,89,88,1,4,2,15,0,,True,7634,596109,603743,100.5728,
cdf61bd_3,2,True,8,8,14,37,36,34,2,1,1,4,0,14,True,7635,339103,346738,52.9081,
ce73d68_1,2,False,7,11,10,27,26,25,1,1,1,4,0,10,True,7662,157700,165362,48.7177,
ce73d68_2,2,False,9,11,7,19,19,18,1,0,0,0,0,7,True,7669,71913,79582,33.7869,
ce73d68_3,2,False,9,11,7,19,19,18,1,0,0,0,0,7,True,7669,70210,77879,30.4872,
d037dc8_1,3,True,7,7,6,14,14,10,4,0,0,0,0,6,True,7675,43537,51212,17.3449,
d037dc8_2,3,True,7,7,7,14,14,10,4,0,0,0,0,7,True,7672,51304,58976,-1683881221.345,
d037dc8_3,3,True,7,7,10,19,19,15,4,0,0,0,0,10,True,7672,83462,91134,-1683877227.9619,
d37c235_1,2,False,4,6,6,21,21,20,1,0,0,0,0,6,True,7645,76614,84259,26.9006,
d37c235_2,2,False,4,6,5,16,16,15,1,0,0,0,0,5,True,7645,51161,58806,19.6661,
d37c235_3,2,False,4,6,5,19,19,18,1,0,0,0,0,5,True,7645,53532,61177,24.5988,
d6d8cb6_1,3,False,6,11,50,31,29,29,0,3,2,0,0,,True,7714,3699771,3707485,974.9775,
d6d8cb6_2,3,False,7,11,32,36,34,33,1,2,2,6,0,32,True,7702,733469,741171,86.5959,
d6d8cb6_3,3,False,6,11,50,35,30,30,0,6,5,3,0,,True,7713,2758061,2765774,860.2465,
d8e490b_1,3,True,8,8,10,14,13,8,5,1,1,0,0,10,True,7652,114045,121697,26.0476,
d8e490b_2,3,False,5,8,12,15,14,9,5,1,1,0,0,12,True,7658,118420,126078,30.8273,
d8e490b_3,3,True,8,8,8,13,12,9,3,1,1,1,0,8,True,7652,104812,112464,23.8396,
d9987f6_1,2,False,2,9,50,52,52,51,1,0,0,3,0,,True,7648,595575,603223,93.6299,
d9987f6_2,2,False,2,9,50,52,52,50,2,0,0,3,0,,True,7664,619724,627388,95.5941,
d9987f6_3,2,False,2,9,50,52,52,51,1,0,0,2,0,,True,7656,577732,585388,96.6239,
dbc0276_1,1,True,8,8,5,8,8,6,2,0,0,0,0,5,True,7690,28594,36284,11.6821,
dbc0276_2,1,True,8,8,5,8,8,6,2,0,0,0,0,5,True,7690,28148,35838,16.016,
dbc0276_3,1,True,8,8,5,8,8,6,2,0,0,0,0,5,True,7690,28424,36114,14.734,
dc5c5c6_1,3,False,1,11,50,54,54,50,4,0,0,3,0,,True,7701,684960,692661,93.4522,
dc5c5c6_2,3,False,8,11,28,36,35,23,12,1,1,6,4,28,True,7708,390030,397738,58.7635,
dc5c5c6_3,3,False,1,11,50,53,53,49,4,0,0,1,0,,True,7695,743362,751057,99.7021,
dcb2559_1,2,False,0,4,50,159,155,155,0,4,4,5,0,,True,7620,830685,838305,194.5413,
dcb2559_2,2,False,0,4,50,52,51,51,0,1,1,3,0,,True,7616,526865,534481,93.5404,
dcb2559_3,2,False,0,4,50,52,50,50,0,2,2,0,0,,True,7620,525193,532813,96.9902,
dcbd34b_1,3,True,9,9,6,9,9,7,2,0,0,0,0,6,True,7670,55534,63204,15.9987,
dcbd34b_2,3,True,9,9,6,9,9,7,2,0,0,0,0,6,True,7679,53598,61277,14.8908,
dcbd34b_3,3,True,9,9,6,10,10,8,2,0,0,0,0,6,True,7679,58070,65749,16.5995,
e0fe09c_1,2,False,7,9,7,20,20,19,1,0,0,0,0,7,True,7629,84055,91684,26.6204,
e0fe09c_2,2,False,7,9,8,22,22,21,1,0,0,0,0,8,True,7634,125626,133260,33.688,
e0fe09c_3,2,False,7,9,8,20,20,19,1,0,0,0,0,8,True,7629,97155,104784,26.844,
e201314_1,3,False,1,11,16,25,23,21,2,2,2,0,0,16,True,7767,204141,211908,38.2518,
e201314_2,3,False,1,11,30,40,38,31,7,3,2,3,1,30,True,7763,669452,677215,98.8466,
e201314_3,3,False,10,11,14,19,19,17,2,0,0,0,0,14,True,7743,142106,149849,29.8148,
e52623a_1,2,False,4,11,15,48,48,47,1,11,0,0,0,15,True,7634,356745,364379,63.4791,
e52623a_2,2,False,4,11,7,52,52,51,1,0,0,0,0,7,True,7633,85508,93141,53.4353,
e52623a_3,2,False,4,11,7,40,40,39,1,0,0,0,0,7,True,7634,83746,91380,46.0909,
e70b117_1,3,False,3,14,50,52,50,50,0,2,2,4,0,,True,7747,763503,771250,102.5837,
e70b117_2,3,False,3,14,50,69,69,69,0,0,0,6,0,,True,7745,778317,786062,116.5914,
e70b117_3,3,False,3,14,50,72,72,72,0,0,0,7,0,,True,7756,1123338,1131094,122.7808,
e775c78_1,1,True,2,2,8,9,9,8,1,0,0,0,0,8,True,7612,71473,79085,26.1122,
e775c78_2,1,True,2,2,7,8,8,7,1,0,0,0,0,7,True,7609,84855,92464,22.383,
e775c78_3,1,True,2,2,7,9,8,7,1,1,1,0,0,7,True,7605,71916,79521,24.9903,
e7f15ba_1,2,False,1,7,50,131,130,127,3,1,1,1,0,,True,7669,845795,853464,166.2805,
e7f15ba_2,2,False,1,7,50,54,53,50,3,1,1,4,0,,True,7655,677925,685580,99.0704,
e7f15ba_3,2,False,1,7,30,35,34,25,9,1,1,12,0,30,True,7664,347927,355591,57.4664,
eb5ad85_1,1,True,2,2,6,8,7,6,1,1,1,0,0,6,True,7599,68045,75644,19.8565,
eb5ad85_2,1,False,1,2,6,8,7,6,1,1,1,0,0,6,True,7600,68365,75965,16.7851,
eb5ad85_3,1,False,1,2,5,7,7,6,1,0,0,0,0,5,True,7609,46138,53747,11.429,
ec437da_1,3,True,9,9,20,23,23,15,8,0,0,8,3,20,True,7687,218614,226301,47.8408,
ec437da_2,3,True,9,9,22,24,24,15,9,0,0,6,3,22,True,7687,267766,275453,46.3109,
ec437da_3,3,False,1,9,50,55,55,38,17,0,0,20,0,,True,7690,645222,652912,96.3701,
ec655df_1,3,False,1,7,50,53,52,50,2,1,1,0,0,,True,7706,1055806,1063512,103.8708,
ec655df_2,3,False,6,7,10,17,16,13,3,2,1,0,0,10,True,7724,176443,184167,27.0022,
ec655df_3,3,False,1,7,50,52,51,49,2,1,1,2,0,,True,7707,1027675,1035382,108.8967,
efc3cea_1,3,False,1,9,50,96,91,89,2,5,5,1,0,,True,7729,3253376,3261105,170.5521,
efc3cea_2,3,False,1,9,50,53,43,43,0,10,10,6,0,,True,7777,552524,560301,86.5492,
efc3cea_3,3,False,1,9,50,54,53,50,3,1,1,2,0,,True,7757,761685,769442,96.1769,
f099b4c_1,2,True,4,4,10,20,20,14,6,0,0,0,0,10,True,7711,99067,106778,25.7796,
f099b4c_2,2,True,4,4,11,22,22,17,5,0,0,0,0,11,True,7711,107255,114966,27.0223,
f099b4c_3,2,True,4,4,13,24,24,19,5,0,0,1,0,13,True,7711,168671,176382,29.824,
f37e804_1,3,False,6,7,21,84,84,83,1,0,0,0,0,21,True,7650,830396,838046,109.0845,
f37e804_2,3,False,5,7,16,84,84,83,1,0,0,0,0,16,True,7653,518559,526212,106.9939,
f37e804_3,3,False,6,7,18,83,83,82,1,0,0,0,0,18,True,7652,617257,624909,106.5157,
f3a6713_1,3,False,4,7,15,22,21,16,5,1,1,0,0,15,True,7745,203475,211220,38.2085,
f3a6713_2,3,False,5,7,13,33,33,25,8,0,0,0,0,13,True,7729,177948,185677,39.6318,
f3a6713_3,3,False,4,7,12,29,29,21,8,0,0,0,0,12,True,7712,154527,162239,40.3708,
f691597_1,1,True,2,2,8,9,9,8,1,0,0,0,0,8,True,7608,89504,97112,24.6373,
f691597_2,1,True,2,2,6,7,7,6,1,1,0,0,0,6,True,7603,37376,44979,11.1508,
f691597_3,1,False,1,2,5,6,5,4,1,1,1,0,0,5,True,7601,24183,31784,24.1547,
f6936d4_1,2,True,7,7,11,21,21,18,3,0,0,0,0,11,True,7702,102867,110569,30.3684,
f6936d4_2,2,False,4,7,23,33,30,27,3,3,3,6,0,23,True,7704,277319,285023,64.4511,
f6936d4_3,2,True,7,7,29,35,35,32,3,0,0,2,0,29,True,7689,299813,307502,65.173,
f6be291_1,3,False,1,8,50,26,24,16,8,2,2,4,1,,True,7669,3926140,3933809,1129.1728,
f6be291_2,3,False,1,8,50,27,24,16,8,3,3,2,1,,True,7680,4467015,4474695,1134.5948,
f6be291_3,3,False,1,8,50,39,35,20,15,4,4,7,1,,True,7682,1502251,1509933,585.2425,
f6f2e67_1,3,True,17,17,14,23,22,18,4,1,1,0,0,14,True,7724,174859,182583,43.5016,
f6f2e67_2,3,True,17,17,14,22,21,18,3,1,1,0,0,14,True,7737,193635,201372,40.6859,
f6f2e67_3,3,True,17,17,16,29,28,25,3,1,1,0,0,16,True,7734,228911,236645,47.2337,
f86d850_1,3,False,3,14,13,18,16,12,4,3,2,0,0,13,True,7766,129675,137441,31.8598,
f86d850_2,3,False,4,14,18,22,19,14,5,6,3,1,1,18,True,7749,196857,204606,48.1038,
f86d850_3,3,False,3,14,33,37,34,28,6,9,3,3,1,33,True,7759,640330,648089,82.738,
f99d726_1,3,True,12,12,9,15,15,13,2,0,0,0,0,9,True,7720,120472,128192,23.9421,
f99d726_2,3,False,7,12,13,17,17,15,2,0,0,0,0,13,True,7719,189946,197665,33.2993,
f99d726_3,3,True,12,12,16,26,26,24,2,0,0,0,0,16,True,7706,281648,289354,45.3445,
fa327a6_1,3,False,5,6,9,13,12,10,2,1,1,0,0,9,True,7688,79719,87407,22.578,
fa327a6_2,3,False,5,6,9,16,15,13,2,1,1,0,0,9,True,7679,95419,103098,58.453,
fa327a6_3,3,False,5,6,9,16,15,13,2,1,1,0,0,9,True,7683,87350,95033,27.953,
fb05fed_1,3,False,3,11,17,23,18,17,1,6,5,1,0,17,True,7682,369379,377061,124.6017,
fb05fed_2,3,False,4,11,12,16,13,12,1,3,3,0,0,12,True,7682,193534,201216,53.6012,
fb05fed_3,3,False,7,11,14,20,17,16,1,3,3,1,0,14,True,7684,272317,280001,54.3273,
fdc4b74_1,3,False,7,8,7,13,13,10,3,0,0,0,0,7,True,7675,61486,69161,16.3929,
fdc4b74_2,3,True,8,8,10,21,21,17,4,6,0,0,0,10,True,7675,106715,114390,30.4135,
fdc4b74_3,3,True,8,8,8,15,15,12,3,0,0,0,0,8,True,7675,76489,84164,18.1277,
fddb6b6_1,2,False,7,9,12,15,13,12,1,2,2,1,0,12,True,7645,130368,138013,40.2811,
fddb6b6_2,2,False,8,9,9,11,10,9,1,1,1,0,0,9,True,7643,67413,75056,27.2925,
fddb6b6_3,2,False,7,9,12,13,12,11,1,1,1,1,0,12,True,7645,173153,180798,32.4553,
ffea2b5_1,2,True,14,14,8,13,13,10,3,0,0,0,0,8,True,7687,67935,75622,22.5083,
ffea2b5_2,2,True,14,14,8,12,12,9,3,0,0,0,0,8,True,7687,65912,73599,21.2369,
ffea2b5_3,2,True,14,14,8,12,12,9,3,0,0,0,0,8,True,7688,64474,72162,20.6523,
